#id,targetid,jd,filter,mag,magerr,datatype,reference,quality,instrumentid,telescopeid,groupid,datecreated,source,note,flux,fluxerr,fluxunit,SNR,mag3sig,objectname,dateobs
2663541,1786,2459640.82892,U,16.4385,0.0237,1,960,NULL,NULL,NULL,1,2024-05-24 20:32:12,8,1m009,NULL,NULL,NULL,NULL,NULL,NULL,NULL
2663542,1786,2459640.83268,U,16.4336,0.0219,1,960,NULL,NULL,NULL,1,2024-05-24 20:32:12,8,1m009,NULL,NULL,NULL,NULL,NULL,NULL,NULL
2663547,1786,2459641.70522,U,16.8311,0.0219,1,960,NULL,NULL,NULL,1,2024-05-24 20:32:12,533,1m014,NULL,NULL,NULL,NULL,NULL,NULL,NULL
2663548,1786,2459641.70899,U,16.848,0.0209,1,960,NULL,NULL,NULL,1,2024-05-24 20:32:12,533,1m014,NULL,NULL,NULL,NULL,NULL,NULL,NULL
2663553,1786,2459642.68341,U,16.9253,0.019,1,960,NULL,NULL,NULL,1,2024-05-24 20:32:12,533,1m014,NULL,NULL,NULL,NULL,NULL,NULL,NULL
2663554,1786,2459642.68719,U,15.9648,0.0306,1,960,NULL,NULL,NULL,1,2024-05-24 20:32:12,533,1m014,NULL,NULL,NULL,NULL,NULL,NULL,NULL
2663555,1786,2459642.94687,U,16.8786,0.0518,1,960,NULL,NULL,NULL,1,2024-05-24 20:32:12,7,1m008,NULL,NULL,NULL,NULL,NULL,NULL,NULL
2663556,1786,2459642.95066,U,16.8619,0.0489,1,960,NULL,NULL,NULL,1,2024-05-24 20:32:12,7,1m008,NULL,NULL,NULL,NULL,NULL,NULL,NULL
2663561,1786,2459644.24638,U,16.6178,0.0256,1,960,NULL,NULL,NULL,1,2024-05-24 20:32:12,11,1m003,NULL,NULL,NULL,NULL,NULL,NULL,NULL
2663562,1786,2459644.25017,U,16.5921,0.0237,1,960,NULL,NULL,NULL,1,2024-05-24 20:32:12,11,1m003,NULL,NULL,NULL,NULL,NULL,NULL,NULL
2663567,1786,2459644.81242,U,16.6235,0.0246,1,960,NULL,NULL,NULL,1,2024-05-24 20:32:12,9,1m005,NULL,NULL,NULL,NULL,NULL,NULL,NULL
2663568,1786,2459644.8162,U,16.6647,0.0228,1,960,NULL,NULL,NULL,1,2024-05-24 20:32:12,9,1m005,NULL,NULL,NULL,NULL,NULL,NULL,NULL
2663573,1786,2459645.8753,U,16.8986,0.0228,1,960,NULL,NULL,NULL,1,2024-05-24 20:32:12,8,1m009,NULL,NULL,NULL,NULL,NULL,NULL,NULL
2663574,1786,2459645.87907,U,16.8802,0.0228,1,960,NULL,NULL,NULL,1,2024-05-24 20:32:12,8,1m009,NULL,NULL,NULL,NULL,NULL,NULL,NULL
2663579,1786,2459646.8071,U,16.7874,0.0265,1,960,NULL,NULL,NULL,1,2024-05-24 20:32:13,8,1m009,NULL,NULL,NULL,NULL,NULL,NULL,NULL
2663580,1786,2459646.811,U,16.8,0.0275,1,960,NULL,NULL,NULL,1,2024-05-24 20:32:13,8,1m009,NULL,NULL,NULL,NULL,NULL,NULL,NULL
2663584,1786,2459647.59037,U,16.8443,0.0371,1,960,NULL,NULL,NULL,1,2024-05-24 20:32:13,4,1m012,NULL,NULL,NULL,NULL,NULL,NULL,NULL
2663585,1786,2459647.59415,U,16.8324,0.0381,1,960,NULL,NULL,NULL,1,2024-05-24 20:32:13,4,1m012,NULL,NULL,NULL,NULL,NULL,NULL,NULL
2663590,1786,2459648.19678,U,16.6052,0.0284,1,960,NULL,NULL,NULL,1,2024-05-24 20:32:13,5,1m011,NULL,NULL,NULL,NULL,NULL,NULL,NULL
2663591,1786,2459648.20057,U,16.602,0.0303,1,960,NULL,NULL,NULL,1,2024-05-24 20:32:13,5,1m011,NULL,NULL,NULL,NULL,NULL,NULL,NULL
2663596,1786,2459648.84482,U,17.0447,0.0284,1,960,NULL,NULL,NULL,1,2024-05-24 20:32:13,9,1m005,NULL,NULL,NULL,NULL,NULL,NULL,NULL
2663597,1786,2459648.8486,U,17.0617,0.0313,1,960,NULL,NULL,NULL,1,2024-05-24 20:32:13,9,1m005,NULL,NULL,NULL,NULL,NULL,NULL,NULL
2663602,1786,2459651.67733,U,17.4694,0.0342,1,960,NULL,NULL,NULL,1,2024-05-24 20:32:13,532,1m001,NULL,NULL,NULL,NULL,NULL,NULL,NULL
2663603,1786,2459651.68112,U,17.5164,0.0284,1,960,NULL,NULL,NULL,1,2024-05-24 20:32:13,532,1m001,NULL,NULL,NULL,NULL,NULL,NULL,NULL
2663608,1786,2459654.58171,U,17.4336,0.0707,1,960,NULL,NULL,NULL,1,2024-05-24 20:32:13,4,1m0-12,NULL,NULL,NULL,NULL,NULL,NULL,NULL
2663609,1786,2459654.58549,U,17.3927,0.0707,1,960,NULL,NULL,NULL,1,2024-05-24 20:32:13,4,1m0-12,NULL,NULL,NULL,NULL,NULL,NULL,NULL
2663614,1786,2459656.63981,U,17.8806,0.0936,1,960,NULL,NULL,NULL,1,2024-05-24 20:32:13,533,1m0-14,NULL,NULL,NULL,NULL,NULL,NULL,NULL
2663615,1786,2459656.64359,U,17.7702,0.0916,1,960,NULL,NULL,NULL,1,2024-05-24 20:32:13,533,1m0-14,NULL,NULL,NULL,NULL,NULL,NULL,NULL
2663620,1786,2459659.60339,U,17.7815,0.1655,1,960,NULL,NULL,NULL,1,2024-05-24 20:32:13,4,1m0-12,NULL,NULL,NULL,NULL,NULL,NULL,NULL
2663621,1786,2459659.60717,U,17.911,0.1715,1,960,NULL,NULL,NULL,1,2024-05-24 20:32:13,4,1m0-12,NULL,NULL,NULL,NULL,NULL,NULL,NULL
2663626,1786,2459662.88131,U,18.3486,0.1345,1,960,NULL,NULL,NULL,1,2024-05-24 20:32:13,8,1m009,NULL,NULL,NULL,NULL,NULL,NULL,NULL
2663627,1786,2459662.88509,U,18.392,0.1325,1,960,NULL,NULL,NULL,1,2024-05-24 20:32:13,8,1m009,NULL,NULL,NULL,NULL,NULL,NULL,NULL
2663632,1786,2459665.8788,U,18.7807,0.1614,1,960,NULL,NULL,NULL,1,2024-05-24 20:32:13,10,1m004,NULL,NULL,NULL,NULL,NULL,NULL,NULL
2663633,1786,2459665.88258,U,18.5665,0.1305,1,960,NULL,NULL,NULL,1,2024-05-24 20:32:13,10,1m004,NULL,NULL,NULL,NULL,NULL,NULL,NULL
2663638,1786,2459674.87804,U,19.1385,0.1755,1,960,NULL,NULL,NULL,1,2024-05-24 20:32:13,8,1m009,NULL,NULL,NULL,NULL,NULL,NULL,NULL
2663639,1786,2459674.88182,U,19.3422,0.2124,1,960,NULL,NULL,NULL,1,2024-05-24 20:32:13,8,1m009,NULL,NULL,NULL,NULL,NULL,NULL,NULL
2663644,1786,2459681.52618,U,18.7812,0.3912,1,960,NULL,NULL,NULL,1,2024-05-24 20:32:13,533,1m0-14,NULL,NULL,NULL,NULL,NULL,NULL,NULL
2663646,1786,2459686.58368,U,20.2741,0.4501,1,960,NULL,NULL,NULL,1,2024-05-24 20:32:13,532,1m001,NULL,NULL,NULL,NULL,NULL,NULL,NULL
2663647,1786,2459686.58749,U,19.8289,0.3871,1,960,NULL,NULL,NULL,1,2024-05-24 20:32:13,532,1m001,NULL,NULL,NULL,NULL,NULL,NULL,NULL
2663648,1786,2459687.80525,U,19.9348,0.5064,1,960,NULL,NULL,NULL,1,2024-05-24 20:32:13,7,1m008,NULL,NULL,NULL,NULL,NULL,NULL,NULL
2663653,1786,2459694.80176,U,20.5937,0.4255,1,960,NULL,NULL,NULL,1,2024-05-24 20:32:13,7,1m008,NULL,NULL,NULL,NULL,NULL,NULL,NULL
2663654,1786,2459694.80556,U,19.9714,0.3097,1,960,NULL,NULL,NULL,1,2024-05-24 20:32:13,7,1m008,NULL,NULL,NULL,NULL,NULL,NULL,NULL
2663727,1786,2459640.83668,B,17.2212,0.0121,1,960,NULL,NULL,NULL,1,2024-05-26 01:09:01,8,1m009,NULL,NULL,NULL,NULL,NULL,NULL,NULL
2663728,1786,2459640.83931,B,17.2323,0.0113,1,960,NULL,NULL,NULL,1,2024-05-26 01:09:01,8,1m009,NULL,NULL,NULL,NULL,NULL,NULL,NULL
2663729,1786,2459640.84216,V,17.4694,0.015,1,960,NULL,NULL,NULL,1,2024-05-26 01:09:01,8,1m009,NULL,NULL,NULL,NULL,NULL,NULL,NULL
2663730,1786,2459640.84385,V,17.481,0.0141,1,960,NULL,NULL,NULL,1,2024-05-26 01:09:01,8,1m009,NULL,NULL,NULL,NULL,NULL,NULL,NULL
2663731,1786,2459640.84575,g,17.1343,0.009,1,960,NULL,NULL,NULL,1,2024-05-26 01:09:01,8,1m009,NULL,NULL,NULL,NULL,NULL,NULL,NULL
2663732,1786,2459640.84837,g,17.1241,0.0097,1,960,NULL,NULL,NULL,1,2024-05-26 01:09:01,8,1m009,NULL,NULL,NULL,NULL,NULL,NULL,NULL
2663733,1786,2459640.85119,r,17.5738,0.0224,1,960,NULL,NULL,NULL,1,2024-05-26 01:09:01,8,1m009,NULL,NULL,NULL,NULL,NULL,NULL,NULL
2663734,1786,2459640.85288,r,17.5698,0.0207,1,960,NULL,NULL,NULL,1,2024-05-26 01:09:01,8,1m009,NULL,NULL,NULL,NULL,NULL,NULL,NULL
2663735,1786,2459640.85477,i,17.7064,0.041,1,960,NULL,NULL,NULL,1,2024-05-26 01:09:01,8,1m009,NULL,NULL,NULL,NULL,NULL,NULL,NULL
2663736,1786,2459640.85645,i,17.7426,0.0348,1,960,NULL,NULL,NULL,1,2024-05-26 01:09:01,8,1m009,NULL,NULL,NULL,NULL,NULL,NULL,NULL
2663737,1786,2459641.71298,B,17.5018,0.0105,1,960,NULL,NULL,NULL,1,2024-05-26 01:09:01,533,1m0-14,NULL,NULL,NULL,NULL,NULL,NULL,NULL
2663738,1786,2459641.71559,B,17.5223,0.0105,1,960,NULL,NULL,NULL,1,2024-05-26 01:09:01,533,1m0-14,NULL,NULL,NULL,NULL,NULL,NULL,NULL
2663739,1786,2459641.7184,V,17.5555,0.0159,1,960,NULL,NULL,NULL,1,2024-05-26 01:09:01,533,1m0-14,NULL,NULL,NULL,NULL,NULL,NULL,NULL
2663740,1786,2459641.72009,V,17.5889,0.015,1,960,NULL,NULL,NULL,1,2024-05-26 01:09:01,533,1m0-14,NULL,NULL,NULL,NULL,NULL,NULL,NULL
2663741,1786,2459641.72198,g,17.3532,0.0089,1,960,NULL,NULL,NULL,1,2024-05-26 01:09:01,533,1m0-14,NULL,NULL,NULL,NULL,NULL,NULL,NULL
2663742,1786,2459641.7246,g,17.3441,0.0096,1,960,NULL,NULL,NULL,1,2024-05-26 01:09:01,533,1m0-14,NULL,NULL,NULL,NULL,NULL,NULL,NULL
2663743,1786,2459641.72739,r,17.6533,0.0181,1,960,NULL,NULL,NULL,1,2024-05-26 01:09:01,533,1m0-14,NULL,NULL,NULL,NULL,NULL,NULL,NULL
2663744,1786,2459641.72909,r,17.6646,0.0216,1,960,NULL,NULL,NULL,1,2024-05-26 01:09:01,533,1m0-14,NULL,NULL,NULL,NULL,NULL,NULL,NULL
2663745,1786,2459641.73096,i,17.7579,0.0331,1,960,NULL,NULL,NULL,1,2024-05-26 01:09:02,533,1m0-14,NULL,NULL,NULL,NULL,NULL,NULL,NULL
2663746,1786,2459641.73266,i,17.76,0.034,1,960,NULL,NULL,NULL,1,2024-05-26 01:09:02,533,1m0-14,NULL,NULL,NULL,NULL,NULL,NULL,NULL
2663747,1786,2459642.95462,B,17.598,0.0357,1,960,NULL,NULL,NULL,1,2024-05-26 01:09:02,7,1m008,NULL,NULL,NULL,NULL,NULL,NULL,NULL
2663748,1786,2459642.95724,B,17.5525,0.0327,1,960,NULL,NULL,NULL,1,2024-05-26 01:09:02,7,1m008,NULL,NULL,NULL,NULL,NULL,NULL,NULL
2663749,1786,2459642.96005,V,17.5082,0.0309,1,960,NULL,NULL,NULL,1,2024-05-26 01:09:02,7,1m008,NULL,NULL,NULL,NULL,NULL,NULL,NULL
2663750,1786,2459642.96174,V,17.5778,0.0338,1,960,NULL,NULL,NULL,1,2024-05-26 01:09:02,7,1m008,NULL,NULL,NULL,NULL,NULL,NULL,NULL
2663751,1786,2459642.96366,g,17.3342,0.0157,1,960,NULL,NULL,NULL,1,2024-05-26 01:09:02,7,1m008,NULL,NULL,NULL,NULL,NULL,NULL,NULL
2663752,1786,2459642.96629,g,17.3013,0.025,1,960,NULL,NULL,NULL,1,2024-05-26 01:09:02,7,1m008,NULL,NULL,NULL,NULL,NULL,NULL,NULL
2663753,1786,2459642.9691,r,17.6089,0.0289,1,960,NULL,NULL,NULL,1,2024-05-26 01:09:02,7,1m008,NULL,NULL,NULL,NULL,NULL,NULL,NULL
2663754,1786,2459642.9708,r,17.6312,0.0365,1,960,NULL,NULL,NULL,1,2024-05-26 01:09:02,7,1m008,NULL,NULL,NULL,NULL,NULL,NULL,NULL
2663755,1786,2459642.97267,i,17.5779,0.0635,1,960,NULL,NULL,NULL,1,2024-05-26 01:09:02,7,1m008,NULL,NULL,NULL,NULL,NULL,NULL,NULL
2663756,1786,2459642.97437,i,17.748,0.054,1,960,NULL,NULL,NULL,1,2024-05-26 01:09:02,7,1m008,NULL,NULL,NULL,NULL,NULL,NULL,NULL
2663757,1786,2459644.25417,B,17.5523,0.0105,1,960,NULL,NULL,NULL,1,2024-05-26 01:09:02,11,1m003,NULL,NULL,NULL,NULL,NULL,NULL,NULL
2663758,1786,2459644.25679,B,17.5458,0.0113,1,960,NULL,NULL,NULL,1,2024-05-26 01:09:02,11,1m003,NULL,NULL,NULL,NULL,NULL,NULL,NULL
2663759,1786,2459644.2596,V,17.4543,0.0177,1,960,NULL,NULL,NULL,1,2024-05-26 01:09:02,11,1m003,NULL,NULL,NULL,NULL,NULL,NULL,NULL
2663760,1786,2459644.2613,V,17.4735,0.0177,1,960,NULL,NULL,NULL,1,2024-05-26 01:09:02,11,1m003,NULL,NULL,NULL,NULL,NULL,NULL,NULL
2663761,1786,2459644.26318,g,17.3352,0.009,1,960,NULL,NULL,NULL,1,2024-05-26 01:09:02,11,1m003,NULL,NULL,NULL,NULL,NULL,NULL,NULL
2663762,1786,2459644.26581,g,17.3924,0.0097,1,960,NULL,NULL,NULL,1,2024-05-26 01:09:02,11,1m003,NULL,NULL,NULL,NULL,NULL,NULL,NULL
2663763,1786,2459644.26862,r,17.5311,0.016,1,960,NULL,NULL,NULL,1,2024-05-26 01:09:02,11,1m003,NULL,NULL,NULL,NULL,NULL,NULL,NULL
2663764,1786,2459644.82019,B,17.3472,0.0147,1,960,NULL,NULL,NULL,1,2024-05-26 01:09:02,9,1m005,NULL,NULL,NULL,NULL,NULL,NULL,NULL
2663765,1786,2459644.82281,B,17.346,0.0147,1,960,NULL,NULL,NULL,1,2024-05-26 01:09:02,9,1m005,NULL,NULL,NULL,NULL,NULL,NULL,NULL
2663766,1786,2459644.82562,V,17.4174,0.0186,1,960,NULL,NULL,NULL,1,2024-05-26 01:09:02,9,1m005,NULL,NULL,NULL,NULL,NULL,NULL,NULL
2663767,1786,2459644.82732,V,17.4512,0.0186,1,960,NULL,NULL,NULL,1,2024-05-26 01:09:02,9,1m005,NULL,NULL,NULL,NULL,NULL,NULL,NULL
2663768,1786,2459644.82921,g,17.1976,0.0129,1,960,NULL,NULL,NULL,1,2024-05-26 01:09:02,9,1m005,NULL,NULL,NULL,NULL,NULL,NULL,NULL
2663769,1786,2459644.83184,g,17.2168,0.0121,1,960,NULL,NULL,NULL,1,2024-05-26 01:09:02,9,1m005,NULL,NULL,NULL,NULL,NULL,NULL,NULL
2663770,1786,2459644.83465,r,17.4781,0.0261,1,960,NULL,NULL,NULL,1,2024-05-26 01:09:02,9,1m005,NULL,NULL,NULL,NULL,NULL,NULL,NULL
2663771,1786,2459644.83634,r,17.4903,0.0233,1,960,NULL,NULL,NULL,1,2024-05-26 01:09:02,9,1m005,NULL,NULL,NULL,NULL,NULL,NULL,NULL
2663772,1786,2459644.83822,i,17.6069,0.0331,1,960,NULL,NULL,NULL,1,2024-05-26 01:09:02,9,1m005,NULL,NULL,NULL,NULL,NULL,NULL,NULL
2663773,1786,2459644.83993,i,17.6081,0.0366,1,960,NULL,NULL,NULL,1,2024-05-26 01:09:02,9,1m005,NULL,NULL,NULL,NULL,NULL,NULL,NULL
2663774,1786,2459645.88303,B,17.4305,0.0121,1,960,NULL,NULL,NULL,1,2024-05-26 01:09:02,8,1m009,NULL,NULL,NULL,NULL,NULL,NULL,NULL
2663775,1786,2459645.88567,B,17.4241,0.0113,1,960,NULL,NULL,NULL,1,2024-05-26 01:09:02,8,1m009,NULL,NULL,NULL,NULL,NULL,NULL,NULL
2663776,1786,2459645.88848,V,17.4888,0.0159,1,960,NULL,NULL,NULL,1,2024-05-26 01:09:02,8,1m009,NULL,NULL,NULL,NULL,NULL,NULL,NULL
2663777,1786,2459645.89017,V,17.5112,0.0133,1,960,NULL,NULL,NULL,1,2024-05-26 01:09:02,8,1m009,NULL,NULL,NULL,NULL,NULL,NULL,NULL
2663778,1786,2459645.89207,g,17.2635,0.0096,1,960,NULL,NULL,NULL,1,2024-05-26 01:09:02,8,1m009,NULL,NULL,NULL,NULL,NULL,NULL,NULL
2663779,1786,2459645.89469,g,17.2573,0.0112,1,960,NULL,NULL,NULL,1,2024-05-26 01:09:02,8,1m009,NULL,NULL,NULL,NULL,NULL,NULL,NULL
2663780,1786,2459645.89749,r,17.4987,0.0198,1,960,NULL,NULL,NULL,1,2024-05-26 01:09:02,8,1m009,NULL,NULL,NULL,NULL,NULL,NULL,NULL
2663781,1786,2459645.89918,r,17.5029,0.0207,1,960,NULL,NULL,NULL,1,2024-05-26 01:09:02,8,1m009,NULL,NULL,NULL,NULL,NULL,NULL,NULL
2663782,1786,2459645.90105,i,17.6061,0.0549,1,960,NULL,NULL,NULL,1,2024-05-26 01:09:02,8,1m009,NULL,NULL,NULL,NULL,NULL,NULL,NULL
2663783,1786,2459645.90274,i,17.5692,0.0438,1,960,NULL,NULL,NULL,1,2024-05-26 01:09:02,8,1m009,NULL,NULL,NULL,NULL,NULL,NULL,NULL
2663784,1786,2459646.815,B,17.4094,0.0129,1,960,NULL,NULL,NULL,1,2024-05-26 01:09:02,8,1m009,NULL,NULL,NULL,NULL,NULL,NULL,NULL
2663785,1786,2459646.81762,B,17.4182,0.0129,1,960,NULL,NULL,NULL,1,2024-05-26 01:09:02,8,1m009,NULL,NULL,NULL,NULL,NULL,NULL,NULL
2663786,1786,2459646.82238,V,17.4784,0.0133,1,960,NULL,NULL,NULL,1,2024-05-26 01:09:02,8,1m009,NULL,NULL,NULL,NULL,NULL,NULL,NULL
2663787,1786,2459646.82425,g,17.2521,0.0104,1,960,NULL,NULL,NULL,1,2024-05-26 01:09:02,8,1m009,NULL,NULL,NULL,NULL,NULL,NULL,NULL
2663788,1786,2459646.82687,g,17.2653,0.0097,1,960,NULL,NULL,NULL,1,2024-05-26 01:09:02,8,1m009,NULL,NULL,NULL,NULL,NULL,NULL,NULL
2663789,1786,2459646.82968,r,17.4826,0.0207,1,960,NULL,NULL,NULL,1,2024-05-26 01:09:02,8,1m009,NULL,NULL,NULL,NULL,NULL,NULL,NULL
2663790,1786,2459646.83137,r,17.4897,0.0207,1,960,NULL,NULL,NULL,1,2024-05-26 01:09:02,8,1m009,NULL,NULL,NULL,NULL,NULL,NULL,NULL
2663791,1786,2459646.83326,i,17.5478,0.034,1,960,NULL,NULL,NULL,1,2024-05-26 01:09:02,8,1m009,NULL,NULL,NULL,NULL,NULL,NULL,NULL
2663792,1786,2459646.835,i,17.5111,0.0331,1,960,NULL,NULL,NULL,1,2024-05-26 01:09:02,8,1m009,NULL,NULL,NULL,NULL,NULL,NULL,NULL
2663793,1786,2459647.59814,B,17.5295,0.0269,1,960,NULL,NULL,NULL,1,2024-05-26 01:09:02,4,1m0-12,NULL,NULL,NULL,NULL,NULL,NULL,NULL
2663794,1786,2459647.60076,B,17.5402,0.0259,1,960,NULL,NULL,NULL,1,2024-05-26 01:09:02,4,1m0-12,NULL,NULL,NULL,NULL,NULL,NULL,NULL
2663795,1786,2459647.60363,V,17.4399,0.0242,1,960,NULL,NULL,NULL,1,2024-05-26 01:09:02,4,1m0-12,NULL,NULL,NULL,NULL,NULL,NULL,NULL
2663796,1786,2459647.60534,V,17.4049,0.0213,1,960,NULL,NULL,NULL,1,2024-05-26 01:09:02,4,1m0-12,NULL,NULL,NULL,NULL,NULL,NULL,NULL
2663797,1786,2459647.60721,g,17.3107,0.0183,1,960,NULL,NULL,NULL,1,2024-05-26 01:09:02,4,1m0-12,NULL,NULL,NULL,NULL,NULL,NULL,NULL
2663798,1786,2459647.60983,g,17.2966,0.0165,1,960,NULL,NULL,NULL,1,2024-05-26 01:09:02,4,1m0-12,NULL,NULL,NULL,NULL,NULL,NULL,NULL
2663799,1786,2459647.61264,r,17.4847,0.0243,1,960,NULL,NULL,NULL,1,2024-05-26 01:09:02,4,1m0-12,NULL,NULL,NULL,NULL,NULL,NULL,NULL
2663800,1786,2459647.61435,r,17.4843,0.0243,1,960,NULL,NULL,NULL,1,2024-05-26 01:09:02,4,1m0-12,NULL,NULL,NULL,NULL,NULL,NULL,NULL
2663801,1786,2459647.61622,i,17.4701,0.0438,1,960,NULL,NULL,NULL,1,2024-05-26 01:09:02,4,1m0-12,NULL,NULL,NULL,NULL,NULL,NULL,NULL
2663802,1786,2459647.61792,i,17.4583,0.053,1,960,NULL,NULL,NULL,1,2024-05-26 01:09:02,4,1m0-12,NULL,NULL,NULL,NULL,NULL,NULL,NULL
2663803,1786,2459648.2053,B,17.5428,0.0121,1,960,NULL,NULL,NULL,1,2024-05-26 01:09:02,5,1m0-11,NULL,NULL,NULL,NULL,NULL,NULL,NULL
2663804,1786,2459648.20792,B,17.5104,0.0129,1,960,NULL,NULL,NULL,1,2024-05-26 01:09:02,5,1m0-11,NULL,NULL,NULL,NULL,NULL,NULL,NULL
2663805,1786,2459648.21074,V,17.4139,0.0177,1,960,NULL,NULL,NULL,1,2024-05-26 01:09:02,5,1m0-11,NULL,NULL,NULL,NULL,NULL,NULL,NULL
2663806,1786,2459648.21244,V,17.4004,0.0177,1,960,NULL,NULL,NULL,1,2024-05-26 01:09:02,5,1m0-11,NULL,NULL,NULL,NULL,NULL,NULL,NULL
2663807,1786,2459648.21455,g,17.335,0.0104,1,960,NULL,NULL,NULL,1,2024-05-26 01:09:02,5,1m0-11,NULL,NULL,NULL,NULL,NULL,NULL,NULL
2663808,1786,2459648.21722,g,17.3191,0.0096,1,960,NULL,NULL,NULL,1,2024-05-26 01:09:02,5,1m0-11,NULL,NULL,NULL,NULL,NULL,NULL,NULL
2663809,1786,2459648.22011,r,17.3955,0.0173,1,960,NULL,NULL,NULL,1,2024-05-26 01:09:02,5,1m0-11,NULL,NULL,NULL,NULL,NULL,NULL,NULL
2663810,1786,2459648.22233,r,17.4078,0.019,1,960,NULL,NULL,NULL,1,2024-05-26 01:09:02,5,1m0-11,NULL,NULL,NULL,NULL,NULL,NULL,NULL
2663811,1786,2459648.22423,i,17.4107,0.0323,1,960,NULL,NULL,NULL,1,2024-05-26 01:09:02,5,1m0-11,NULL,NULL,NULL,NULL,NULL,NULL,NULL
2663812,1786,2459648.22612,i,17.3379,0.1006,1,960,NULL,NULL,NULL,1,2024-05-26 01:09:02,5,1m0-11,NULL,NULL,NULL,NULL,NULL,NULL,NULL
2663813,1786,2459648.85257,B,17.5551,0.0129,1,960,NULL,NULL,NULL,1,2024-05-26 01:09:02,9,1m005,NULL,NULL,NULL,NULL,NULL,NULL,NULL
2663814,1786,2459648.85519,B,17.5639,0.0129,1,960,NULL,NULL,NULL,1,2024-05-26 01:09:02,9,1m005,NULL,NULL,NULL,NULL,NULL,NULL,NULL
2663815,1786,2459648.85801,V,17.4834,0.0159,1,960,NULL,NULL,NULL,1,2024-05-26 01:09:02,9,1m005,NULL,NULL,NULL,NULL,NULL,NULL,NULL
2663816,1786,2459648.8597,V,17.4931,0.0168,1,960,NULL,NULL,NULL,1,2024-05-26 01:09:03,9,1m005,NULL,NULL,NULL,NULL,NULL,NULL,NULL
2663817,1786,2459648.86159,g,17.3281,0.0183,1,960,NULL,NULL,NULL,1,2024-05-26 01:09:03,9,1m005,NULL,NULL,NULL,NULL,NULL,NULL,NULL
2663818,1786,2459648.86421,g,17.3638,0.0113,1,960,NULL,NULL,NULL,1,2024-05-26 01:09:03,9,1m005,NULL,NULL,NULL,NULL,NULL,NULL,NULL
2663819,1786,2459648.86703,r,17.4697,0.0242,1,960,NULL,NULL,NULL,1,2024-05-26 01:09:03,9,1m005,NULL,NULL,NULL,NULL,NULL,NULL,NULL
2663820,1786,2459648.86873,r,17.4761,0.0233,1,960,NULL,NULL,NULL,1,2024-05-26 01:09:03,9,1m005,NULL,NULL,NULL,NULL,NULL,NULL,NULL
2663821,1786,2459648.87061,i,17.5067,0.0306,1,960,NULL,NULL,NULL,1,2024-05-26 01:09:03,9,1m005,NULL,NULL,NULL,NULL,NULL,NULL,NULL
2663822,1786,2459648.8723,i,17.5258,0.0306,1,960,NULL,NULL,NULL,1,2024-05-26 01:09:03,9,1m005,NULL,NULL,NULL,NULL,NULL,NULL,NULL
2663823,1786,2459651.6851,B,17.8579,0.0138,1,960,NULL,NULL,NULL,1,2024-05-26 01:09:03,532,1m001,NULL,NULL,NULL,NULL,NULL,NULL,NULL
2663824,1786,2459651.68772,B,17.8553,0.0121,1,960,NULL,NULL,NULL,1,2024-05-26 01:09:03,532,1m001,NULL,NULL,NULL,NULL,NULL,NULL,NULL
2663825,1786,2459651.69054,V,17.682,0.0186,1,960,NULL,NULL,NULL,1,2024-05-26 01:09:03,532,1m001,NULL,NULL,NULL,NULL,NULL,NULL,NULL
2663826,1786,2459651.69223,V,17.6845,0.0168,1,960,NULL,NULL,NULL,1,2024-05-26 01:09:03,532,1m001,NULL,NULL,NULL,NULL,NULL,NULL,NULL
2663827,1786,2459651.69411,g,17.6278,0.012,1,960,NULL,NULL,NULL,1,2024-05-26 01:09:03,532,1m001,NULL,NULL,NULL,NULL,NULL,NULL,NULL
2663828,1786,2459651.69673,g,17.6077,0.012,1,960,NULL,NULL,NULL,1,2024-05-26 01:09:03,532,1m001,NULL,NULL,NULL,NULL,NULL,NULL,NULL
2663829,1786,2459651.69952,r,17.6215,0.0198,1,960,NULL,NULL,NULL,1,2024-05-26 01:09:03,532,1m001,NULL,NULL,NULL,NULL,NULL,NULL,NULL
2663830,1786,2459651.70122,r,17.6228,0.0173,1,960,NULL,NULL,NULL,1,2024-05-26 01:09:03,532,1m001,NULL,NULL,NULL,NULL,NULL,NULL,NULL
2663831,1786,2459651.70309,i,17.5188,0.0267,1,960,NULL,NULL,NULL,1,2024-05-26 01:09:03,532,1m001,NULL,NULL,NULL,NULL,NULL,NULL,NULL
2663832,1786,2459651.70479,i,17.5499,0.034,1,960,NULL,NULL,NULL,1,2024-05-26 01:09:03,532,1m001,NULL,NULL,NULL,NULL,NULL,NULL,NULL
2663833,1786,2459654.58946,B,17.9399,0.0416,1,960,NULL,NULL,NULL,1,2024-05-26 01:09:03,4,1m0-12,NULL,NULL,NULL,NULL,NULL,NULL,NULL
2663834,1786,2459654.59208,B,17.8961,0.0445,1,960,NULL,NULL,NULL,1,2024-05-26 01:09:03,4,1m0-12,NULL,NULL,NULL,NULL,NULL,NULL,NULL
2663835,1786,2459654.59489,V,17.6446,0.0319,1,960,NULL,NULL,NULL,1,2024-05-26 01:09:03,4,1m0-12,NULL,NULL,NULL,NULL,NULL,NULL,NULL
2663836,1786,2459654.59659,V,17.6684,0.0338,1,960,NULL,NULL,NULL,1,2024-05-26 01:09:03,4,1m0-12,NULL,NULL,NULL,NULL,NULL,NULL,NULL
2663837,1786,2459654.59847,g,17.5885,0.026,1,960,NULL,NULL,NULL,1,2024-05-26 01:09:03,4,1m0-12,NULL,NULL,NULL,NULL,NULL,NULL,NULL
2663838,1786,2459654.60109,g,17.628,0.0241,1,960,NULL,NULL,NULL,1,2024-05-26 01:09:03,4,1m0-12,NULL,NULL,NULL,NULL,NULL,NULL,NULL
2663839,1786,2459654.60389,r,17.5592,0.0279,1,960,NULL,NULL,NULL,1,2024-05-26 01:09:03,4,1m0-12,NULL,NULL,NULL,NULL,NULL,NULL,NULL
2663840,1786,2459654.60558,r,17.5726,0.0279,1,960,NULL,NULL,NULL,1,2024-05-26 01:09:03,4,1m0-12,NULL,NULL,NULL,NULL,NULL,NULL,NULL
2663841,1786,2459654.60746,i,17.5064,0.0512,1,960,NULL,NULL,NULL,1,2024-05-26 01:09:03,4,1m0-12,NULL,NULL,NULL,NULL,NULL,NULL,NULL
2663842,1786,2459654.60915,i,17.4796,0.0447,1,960,NULL,NULL,NULL,1,2024-05-26 01:09:03,4,1m0-12,NULL,NULL,NULL,NULL,NULL,NULL,NULL
2663843,1786,2459656.64758,B,18.0883,0.0564,1,960,NULL,NULL,NULL,1,2024-05-26 01:09:03,533,1m0-14,NULL,NULL,NULL,NULL,NULL,NULL,NULL
2663844,1786,2459656.6502,B,18.1276,0.0554,1,960,NULL,NULL,NULL,1,2024-05-26 01:09:03,533,1m0-14,NULL,NULL,NULL,NULL,NULL,NULL,NULL
2663845,1786,2459656.65301,V,17.8431,0.0456,1,960,NULL,NULL,NULL,1,2024-05-26 01:09:03,533,1m0-14,NULL,NULL,NULL,NULL,NULL,NULL,NULL
2663846,1786,2459656.65471,V,17.8308,0.0387,1,960,NULL,NULL,NULL,1,2024-05-26 01:09:03,533,1m0-14,NULL,NULL,NULL,NULL,NULL,NULL,NULL
2663847,1786,2459656.65659,g,17.806,0.0389,1,960,NULL,NULL,NULL,1,2024-05-26 01:09:03,533,1m0-14,NULL,NULL,NULL,NULL,NULL,NULL,NULL
2663848,1786,2459656.65921,g,17.8264,0.0409,1,960,NULL,NULL,NULL,1,2024-05-26 01:09:03,533,1m0-14,NULL,NULL,NULL,NULL,NULL,NULL,NULL
2663849,1786,2459656.66201,r,17.7601,0.053,1,960,NULL,NULL,NULL,1,2024-05-26 01:09:03,533,1m0-14,NULL,NULL,NULL,NULL,NULL,NULL,NULL
2663850,1786,2459656.66372,r,17.7725,0.0442,1,960,NULL,NULL,NULL,1,2024-05-26 01:09:03,533,1m0-14,NULL,NULL,NULL,NULL,NULL,NULL,NULL
2663851,1786,2459656.66561,i,17.6042,0.0549,1,960,NULL,NULL,NULL,1,2024-05-26 01:09:03,533,1m0-14,NULL,NULL,NULL,NULL,NULL,NULL,NULL
2663852,1786,2459656.6673,i,17.6793,0.0384,1,960,NULL,NULL,NULL,1,2024-05-26 01:09:03,533,1m0-14,NULL,NULL,NULL,NULL,NULL,NULL,NULL
2663853,1786,2459659.61115,B,18.1453,0.0793,1,960,NULL,NULL,NULL,1,2024-05-26 01:09:03,4,1m0-12,NULL,NULL,NULL,NULL,NULL,NULL,NULL
2663854,1786,2459659.61377,B,18.1868,0.0783,1,960,NULL,NULL,NULL,1,2024-05-26 01:09:03,4,1m0-12,NULL,NULL,NULL,NULL,NULL,NULL,NULL
2663855,1786,2459659.61656,V,17.8168,0.0823,1,960,NULL,NULL,NULL,1,2024-05-26 01:09:03,4,1m0-12,NULL,NULL,NULL,NULL,NULL,NULL,NULL
2663856,1786,2459659.61827,V,17.7589,0.0744,1,960,NULL,NULL,NULL,1,2024-05-26 01:09:03,4,1m0-12,NULL,NULL,NULL,NULL,NULL,NULL,NULL
2663857,1786,2459659.62015,g,17.834,0.0608,1,960,NULL,NULL,NULL,1,2024-05-26 01:09:03,4,1m0-12,NULL,NULL,NULL,NULL,NULL,NULL,NULL
2663858,1786,2459659.62277,g,17.8301,0.0441,1,960,NULL,NULL,NULL,1,2024-05-26 01:09:03,4,1m0-12,NULL,NULL,NULL,NULL,NULL,NULL,NULL
2663859,1786,2459659.62557,r,17.6048,0.0708,1,960,NULL,NULL,NULL,1,2024-05-26 01:09:03,4,1m0-12,NULL,NULL,NULL,NULL,NULL,NULL,NULL
2663860,1786,2459659.62726,r,17.6587,0.0658,1,960,NULL,NULL,NULL,1,2024-05-26 01:09:03,4,1m0-12,NULL,NULL,NULL,NULL,NULL,NULL,NULL
2663861,1786,2459659.62914,i,17.5812,0.0742,1,960,NULL,NULL,NULL,1,2024-05-26 01:09:03,4,1m0-12,NULL,NULL,NULL,NULL,NULL,NULL,NULL
2663862,1786,2459659.63084,i,17.5911,0.0849,1,960,NULL,NULL,NULL,1,2024-05-26 01:09:03,4,1m0-12,NULL,NULL,NULL,NULL,NULL,NULL,NULL
2663863,1786,2459662.88905,B,18.3652,0.0604,1,960,NULL,NULL,NULL,1,2024-05-26 01:09:03,8,1m009,NULL,NULL,NULL,NULL,NULL,NULL,NULL
2663864,1786,2459662.89167,B,18.3692,0.0475,1,960,NULL,NULL,NULL,1,2024-05-26 01:09:03,8,1m009,NULL,NULL,NULL,NULL,NULL,NULL,NULL
2663865,1786,2459662.89451,V,18.123,0.0575,1,960,NULL,NULL,NULL,1,2024-05-26 01:09:03,8,1m009,NULL,NULL,NULL,NULL,NULL,NULL,NULL
2663866,1786,2459662.8962,V,18.0926,0.0545,1,960,NULL,NULL,NULL,1,2024-05-26 01:09:03,8,1m009,NULL,NULL,NULL,NULL,NULL,NULL,NULL
2663867,1786,2459662.89809,g,18.0387,0.0498,1,960,NULL,NULL,NULL,1,2024-05-26 01:09:03,8,1m009,NULL,NULL,NULL,NULL,NULL,NULL,NULL
2663868,1786,2459662.90071,g,17.9627,0.0488,1,960,NULL,NULL,NULL,1,2024-05-26 01:09:03,8,1m009,NULL,NULL,NULL,NULL,NULL,NULL,NULL
2663869,1786,2459662.90352,r,17.8532,0.0462,1,960,NULL,NULL,NULL,1,2024-05-26 01:09:03,8,1m009,NULL,NULL,NULL,NULL,NULL,NULL,NULL
2663870,1786,2459662.9052,r,17.7748,0.056,1,960,NULL,NULL,NULL,1,2024-05-26 01:09:03,8,1m009,NULL,NULL,NULL,NULL,NULL,NULL,NULL
2663871,1786,2459662.90708,i,17.9199,0.0703,1,960,NULL,NULL,NULL,1,2024-05-26 01:09:03,8,1m009,NULL,NULL,NULL,NULL,NULL,NULL,NULL
2663872,1786,2459662.90878,i,17.9208,0.0693,1,960,NULL,NULL,NULL,1,2024-05-26 01:09:03,8,1m009,NULL,NULL,NULL,NULL,NULL,NULL,NULL
2663873,1786,2459665.88656,B,18.5089,0.0366,1,960,NULL,NULL,NULL,1,2024-05-26 01:09:03,10,1m004,NULL,NULL,NULL,NULL,NULL,NULL,NULL
2663874,1786,2459665.88917,B,18.4856,0.0376,1,960,NULL,NULL,NULL,1,2024-05-26 01:09:03,10,1m004,NULL,NULL,NULL,NULL,NULL,NULL,NULL
2663875,1786,2459665.89197,V,18.1951,0.0309,1,960,NULL,NULL,NULL,1,2024-05-26 01:09:03,10,1m004,NULL,NULL,NULL,NULL,NULL,NULL,NULL
2663876,1786,2459665.89367,V,18.1887,0.0319,1,960,NULL,NULL,NULL,1,2024-05-26 01:09:03,10,1m004,NULL,NULL,NULL,NULL,NULL,NULL,NULL
2663877,1786,2459665.89554,g,18.1865,0.0213,1,960,NULL,NULL,NULL,1,2024-05-26 01:09:03,10,1m004,NULL,NULL,NULL,NULL,NULL,NULL,NULL
2663878,1786,2459665.89816,g,18.1893,0.0213,1,960,NULL,NULL,NULL,1,2024-05-26 01:09:03,10,1m004,NULL,NULL,NULL,NULL,NULL,NULL,NULL
2663879,1786,2459665.90097,r,17.9767,0.0336,1,960,NULL,NULL,NULL,1,2024-05-26 01:09:03,10,1m004,NULL,NULL,NULL,NULL,NULL,NULL,NULL
2663880,1786,2459665.90267,r,18.0113,0.0336,1,960,NULL,NULL,NULL,1,2024-05-26 01:09:03,10,1m004,NULL,NULL,NULL,NULL,NULL,NULL,NULL
2663881,1786,2459665.90455,i,17.922,0.0549,1,960,NULL,NULL,NULL,1,2024-05-26 01:09:03,10,1m004,NULL,NULL,NULL,NULL,NULL,NULL,NULL
2663882,1786,2459665.90624,i,17.9039,0.0531,1,960,NULL,NULL,NULL,1,2024-05-26 01:09:03,10,1m004,NULL,NULL,NULL,NULL,NULL,NULL,NULL
2663883,1786,2459674.88595,B,18.8315,0.0376,1,960,NULL,NULL,NULL,1,2024-05-26 01:09:03,8,1m009,NULL,NULL,NULL,NULL,NULL,NULL,NULL
2663884,1786,2459674.88858,B,18.8409,0.0357,1,960,NULL,NULL,NULL,1,2024-05-26 01:09:03,8,1m009,NULL,NULL,NULL,NULL,NULL,NULL,NULL
2663885,1786,2459674.89144,V,18.3684,0.0242,1,960,NULL,NULL,NULL,1,2024-05-26 01:09:03,8,1m009,NULL,NULL,NULL,NULL,NULL,NULL,NULL
2663886,1786,2459674.89332,V,18.3684,0.0261,1,960,NULL,NULL,NULL,1,2024-05-26 01:09:04,8,1m009,NULL,NULL,NULL,NULL,NULL,NULL,NULL
2663887,1786,2459674.89521,g,18.4626,0.0212,1,960,NULL,NULL,NULL,1,2024-05-26 01:09:04,8,1m009,NULL,NULL,NULL,NULL,NULL,NULL,NULL
2663888,1786,2459674.89783,g,18.4592,0.0231,1,960,NULL,NULL,NULL,1,2024-05-26 01:09:04,8,1m009,NULL,NULL,NULL,NULL,NULL,NULL,NULL
2663889,1786,2459674.90066,r,18.0725,0.0252,1,960,NULL,NULL,NULL,1,2024-05-26 01:09:04,8,1m009,NULL,NULL,NULL,NULL,NULL,NULL,NULL
2663890,1786,2459674.90234,r,18.1077,0.0234,1,960,NULL,NULL,NULL,1,2024-05-26 01:09:04,8,1m009,NULL,NULL,NULL,NULL,NULL,NULL,NULL
2663891,1786,2459674.90423,i,18.0941,0.0484,1,960,NULL,NULL,NULL,1,2024-05-26 01:09:04,8,1m009,NULL,NULL,NULL,NULL,NULL,NULL,NULL
2663892,1786,2459674.906,i,18.086,0.0568,1,960,NULL,NULL,NULL,1,2024-05-26 01:09:04,8,1m009,NULL,NULL,NULL,NULL,NULL,NULL,NULL
2663893,1786,2459681.53015,B,19.1923,0.1342,1,960,NULL,NULL,NULL,1,2024-05-26 01:09:04,533,1m0-14,NULL,NULL,NULL,NULL,NULL,NULL,NULL
2663894,1786,2459681.53915,g,18.881,0.1136,1,960,NULL,NULL,NULL,1,2024-05-26 01:09:04,533,1m0-14,NULL,NULL,NULL,NULL,NULL,NULL,NULL
2663895,1786,2459681.54176,g,18.7642,0.0514,1,960,NULL,NULL,NULL,1,2024-05-26 01:09:04,533,1m0-14,NULL,NULL,NULL,NULL,NULL,NULL,NULL
2663896,1786,2459681.54457,r,18.2613,0.1324,1,960,NULL,NULL,NULL,1,2024-05-26 01:09:04,533,1m0-14,NULL,NULL,NULL,NULL,NULL,NULL,NULL
2663897,1786,2459681.54625,r,18.2253,0.0787,1,960,NULL,NULL,NULL,1,2024-05-26 01:09:04,533,1m0-14,NULL,NULL,NULL,NULL,NULL,NULL,NULL
2663898,1786,2459681.54816,i,18.238,0.0937,1,960,NULL,NULL,NULL,1,2024-05-26 01:09:04,533,1m0-14,NULL,NULL,NULL,NULL,NULL,NULL,NULL
2663899,1786,2459681.54985,i,18.0985,0.1055,1,960,NULL,NULL,NULL,1,2024-05-26 01:09:04,533,1m0-14,NULL,NULL,NULL,NULL,NULL,NULL,NULL
2663900,1786,2459687.813,B,20.0109,0.2191,1,960,NULL,NULL,NULL,1,2024-05-26 01:09:04,7,1m008,NULL,NULL,NULL,NULL,NULL,NULL,NULL
2663901,1786,2459687.81565,B,19.718,0.1662,1,960,NULL,NULL,NULL,1,2024-05-26 01:09:04,7,1m008,NULL,NULL,NULL,NULL,NULL,NULL,NULL
2663902,1786,2459687.81846,V,18.6953,0.1083,1,960,NULL,NULL,NULL,1,2024-05-26 01:09:04,7,1m008,NULL,NULL,NULL,NULL,NULL,NULL,NULL
2663903,1786,2459687.82017,V,18.7541,0.1163,1,960,NULL,NULL,NULL,1,2024-05-26 01:09:04,7,1m008,NULL,NULL,NULL,NULL,NULL,NULL,NULL
2663904,1786,2459687.82203,g,19.0543,0.0898,1,960,NULL,NULL,NULL,1,2024-05-26 01:09:04,7,1m008,NULL,NULL,NULL,NULL,NULL,NULL,NULL
2663905,1786,2459687.82466,g,19.1148,0.0868,1,960,NULL,NULL,NULL,1,2024-05-26 01:09:04,7,1m008,NULL,NULL,NULL,NULL,NULL,NULL,NULL
2663906,1786,2459687.82748,r,18.4207,0.0777,1,960,NULL,NULL,NULL,1,2024-05-26 01:09:04,7,1m008,NULL,NULL,NULL,NULL,NULL,NULL,NULL
2663907,1786,2459687.82917,r,18.4042,0.0757,1,960,NULL,NULL,NULL,1,2024-05-26 01:09:04,7,1m008,NULL,NULL,NULL,NULL,NULL,NULL,NULL
2663908,1786,2459687.83105,i,18.1557,0.0839,1,960,NULL,NULL,NULL,1,2024-05-26 01:09:04,7,1m008,NULL,NULL,NULL,NULL,NULL,NULL,NULL
2663909,1786,2459687.83275,i,18.2109,0.0869,1,960,NULL,NULL,NULL,1,2024-05-26 01:09:04,7,1m008,NULL,NULL,NULL,NULL,NULL,NULL,NULL
2663910,1786,2459694.80954,B,19.7475,0.0723,1,960,NULL,NULL,NULL,1,2024-05-26 01:09:04,7,1m008,NULL,NULL,NULL,NULL,NULL,NULL,NULL
2663911,1786,2459694.81216,B,19.7361,0.0733,1,960,NULL,NULL,NULL,1,2024-05-26 01:09:04,7,1m008,NULL,NULL,NULL,NULL,NULL,NULL,NULL
2663912,1786,2459694.81497,V,18.6884,0.0446,1,960,NULL,NULL,NULL,1,2024-05-26 01:09:04,7,1m008,NULL,NULL,NULL,NULL,NULL,NULL,NULL
2663913,1786,2459694.81668,V,18.756,0.0436,1,960,NULL,NULL,NULL,1,2024-05-26 01:09:04,7,1m008,NULL,NULL,NULL,NULL,NULL,NULL,NULL
2663914,1786,2459694.81857,g,19.1101,0.0311,1,960,NULL,NULL,NULL,1,2024-05-26 01:09:04,7,1m008,NULL,NULL,NULL,NULL,NULL,NULL,NULL
2663915,1786,2459694.8212,g,19.0893,0.0311,1,960,NULL,NULL,NULL,1,2024-05-26 01:09:04,7,1m008,NULL,NULL,NULL,NULL,NULL,NULL,NULL
2663916,1786,2459694.82401,r,18.3118,0.0336,1,960,NULL,NULL,NULL,1,2024-05-26 01:09:04,7,1m008,NULL,NULL,NULL,NULL,NULL,NULL,NULL
2663917,1786,2459694.82759,i,18.297,0.0664,1,960,NULL,NULL,NULL,1,2024-05-26 01:09:04,7,1m008,NULL,NULL,NULL,NULL,NULL,NULL,NULL
2663918,1786,2459694.82928,i,18.2772,0.0664,1,960,NULL,NULL,NULL,1,2024-05-26 01:09:04,7,1m008,NULL,NULL,NULL,NULL,NULL,NULL,NULL
2663919,1786,2459700.81665,B,19.7573,0.0963,1,960,NULL,NULL,NULL,1,2024-05-26 01:09:04,10,1m004,NULL,NULL,NULL,NULL,NULL,NULL,NULL
2663920,1786,2459700.81926,B,19.8617,0.0992,1,960,NULL,NULL,NULL,1,2024-05-26 01:09:04,10,1m004,NULL,NULL,NULL,NULL,NULL,NULL,NULL
2663921,1786,2459700.82206,V,18.7341,0.0387,1,960,NULL,NULL,NULL,1,2024-05-26 01:09:04,10,1m004,NULL,NULL,NULL,NULL,NULL,NULL,NULL
2663922,1786,2459700.82375,V,18.7423,0.0427,1,960,NULL,NULL,NULL,1,2024-05-26 01:09:04,10,1m004,NULL,NULL,NULL,NULL,NULL,NULL,NULL
2663923,1786,2459700.82561,g,19.1842,0.0437,1,960,NULL,NULL,NULL,1,2024-05-26 01:09:04,10,1m004,NULL,NULL,NULL,NULL,NULL,NULL,NULL
2663924,1786,2459700.82823,g,19.2068,0.0398,1,960,NULL,NULL,NULL,1,2024-05-26 01:09:04,10,1m004,NULL,NULL,NULL,NULL,NULL,NULL,NULL
2663925,1786,2459700.83103,r,18.3074,0.0346,1,960,NULL,NULL,NULL,1,2024-05-26 01:09:04,10,1m004,NULL,NULL,NULL,NULL,NULL,NULL,NULL
2663926,1786,2459700.83272,r,18.2896,0.0355,1,960,NULL,NULL,NULL,1,2024-05-26 01:09:04,10,1m004,NULL,NULL,NULL,NULL,NULL,NULL,NULL
2663927,1786,2459700.83459,i,18.2967,0.0607,1,960,NULL,NULL,NULL,1,2024-05-26 01:09:04,10,1m004,NULL,NULL,NULL,NULL,NULL,NULL,NULL
2663928,1786,2459700.83627,i,18.2595,0.0578,1,960,NULL,NULL,NULL,1,2024-05-26 01:09:04,10,1m004,NULL,NULL,NULL,NULL,NULL,NULL,NULL
2663929,1786,2459706.79899,B,19.9913,0.1042,1,960,NULL,NULL,NULL,1,2024-05-26 01:09:04,8,1m009,NULL,NULL,NULL,NULL,NULL,NULL,NULL
2663930,1786,2459706.80161,B,19.9237,0.0903,1,960,NULL,NULL,NULL,1,2024-05-26 01:09:04,8,1m009,NULL,NULL,NULL,NULL,NULL,NULL,NULL
2663931,1786,2459706.80445,V,18.9391,0.0486,1,960,NULL,NULL,NULL,1,2024-05-26 01:09:04,8,1m009,NULL,NULL,NULL,NULL,NULL,NULL,NULL
2663932,1786,2459706.80614,V,18.8893,0.0407,1,960,NULL,NULL,NULL,1,2024-05-26 01:09:04,8,1m009,NULL,NULL,NULL,NULL,NULL,NULL,NULL
2663933,1786,2459706.80803,g,19.3065,0.0388,1,960,NULL,NULL,NULL,1,2024-05-26 01:09:04,8,1m009,NULL,NULL,NULL,NULL,NULL,NULL,NULL
2663934,1786,2459706.81065,g,19.3071,0.0378,1,960,NULL,NULL,NULL,1,2024-05-26 01:09:04,8,1m009,NULL,NULL,NULL,NULL,NULL,NULL,NULL
2663935,1786,2459706.81347,r,18.3956,0.0327,1,960,NULL,NULL,NULL,1,2024-05-26 01:09:04,8,1m009,NULL,NULL,NULL,NULL,NULL,NULL,NULL
2663936,1786,2459706.81516,r,18.2688,0.0317,1,960,NULL,NULL,NULL,1,2024-05-26 01:09:04,8,1m009,NULL,NULL,NULL,NULL,NULL,NULL,NULL
2663937,1786,2459706.81708,i,18.205,0.0607,1,960,NULL,NULL,NULL,1,2024-05-26 01:09:04,8,1m009,NULL,NULL,NULL,NULL,NULL,NULL,NULL
2663938,1786,2459706.81877,i,18.3019,0.0645,1,960,NULL,NULL,NULL,1,2024-05-26 01:09:04,8,1m009,NULL,NULL,NULL,NULL,NULL,NULL,NULL
2663939,1786,2459712.45586,V,19.298,0.0992,1,960,NULL,NULL,NULL,1,2024-05-26 01:09:04,532,1m001,NULL,NULL,NULL,NULL,NULL,NULL,NULL
2663940,1786,2459712.45848,V,19.1613,0.0953,1,960,NULL,NULL,NULL,1,2024-05-26 01:09:04,532,1m001,NULL,NULL,NULL,NULL,NULL,NULL,NULL
2663941,1786,2459712.46132,g,19.692,0.0877,1,960,NULL,NULL,NULL,1,2024-05-26 01:09:04,532,1m001,NULL,NULL,NULL,NULL,NULL,NULL,NULL
2663942,1786,2459712.46511,g,19.688,0.0917,1,960,NULL,NULL,NULL,1,2024-05-26 01:09:04,532,1m001,NULL,NULL,NULL,NULL,NULL,NULL,NULL
2663943,1786,2459712.46911,r,18.5887,0.0579,1,960,NULL,NULL,NULL,1,2024-05-26 01:09:04,532,1m001,NULL,NULL,NULL,NULL,NULL,NULL,NULL
2663944,1786,2459712.47173,r,18.638,0.0569,1,960,NULL,NULL,NULL,1,2024-05-26 01:09:04,532,1m001,NULL,NULL,NULL,NULL,NULL,NULL,NULL
2663945,1786,2459712.47453,i,18.5123,0.0751,1,960,NULL,NULL,NULL,1,2024-05-26 01:09:04,532,1m001,NULL,NULL,NULL,NULL,NULL,NULL,NULL
2663946,1786,2459712.47717,i,18.5878,0.0761,1,960,NULL,NULL,NULL,1,2024-05-26 01:09:04,532,1m001,NULL,NULL,NULL,NULL,NULL,NULL,NULL
2663947,1786,2459718.91839,B,21.0978,0.3071,1,960,NULL,NULL,NULL,1,2024-05-26 01:09:04,354,1m006,NULL,NULL,NULL,NULL,NULL,NULL,NULL
2663948,1786,2459718.9222,B,20.5996,0.2112,1,960,NULL,NULL,NULL,1,2024-05-26 01:09:04,354,1m006,NULL,NULL,NULL,NULL,NULL,NULL,NULL
2663949,1786,2459718.92624,V,19.4669,0.1203,1,960,NULL,NULL,NULL,1,2024-05-26 01:09:04,354,1m006,NULL,NULL,NULL,NULL,NULL,NULL,NULL
2663950,1786,2459718.92886,V,19.3323,0.0894,1,960,NULL,NULL,NULL,1,2024-05-26 01:09:04,354,1m006,NULL,NULL,NULL,NULL,NULL,NULL,NULL
2663951,1786,2459718.93171,g,20.032,0.1416,1,960,NULL,NULL,NULL,1,2024-05-26 01:09:04,354,1m006,NULL,NULL,NULL,NULL,NULL,NULL,NULL
2663952,1786,2459718.9355,g,19.7445,0.1048,1,960,NULL,NULL,NULL,1,2024-05-26 01:09:04,354,1m006,NULL,NULL,NULL,NULL,NULL,NULL,NULL
2663953,1786,2459718.93955,r,18.682,0.0619,1,960,NULL,NULL,NULL,1,2024-05-26 01:09:04,354,1m006,NULL,NULL,NULL,NULL,NULL,NULL,NULL
2663954,1786,2459718.94217,r,18.6679,0.0599,1,960,NULL,NULL,NULL,1,2024-05-26 01:09:05,354,1m006,NULL,NULL,NULL,NULL,NULL,NULL,NULL
2663955,1786,2459718.94507,i,18.6375,0.0918,1,960,NULL,NULL,NULL,1,2024-05-26 01:09:05,354,1m006,NULL,NULL,NULL,NULL,NULL,NULL,NULL
2663956,1786,2459718.9477,i,18.5753,0.0869,1,960,NULL,NULL,NULL,1,2024-05-26 01:09:05,354,1m006,NULL,NULL,NULL,NULL,NULL,NULL,NULL
2663957,1786,2459724.89965,B,20.8257,0.1962,1,960,NULL,NULL,NULL,1,2024-05-26 01:09:05,354,1m006,NULL,NULL,NULL,NULL,NULL,NULL,NULL
2663958,1786,2459724.90364,V,19.8833,0.1223,1,960,NULL,NULL,NULL,1,2024-05-26 01:09:05,354,1m006,NULL,NULL,NULL,NULL,NULL,NULL,NULL
2663959,1786,2459724.90626,V,20.128,0.1602,1,960,NULL,NULL,NULL,1,2024-05-26 01:09:05,354,1m006,NULL,NULL,NULL,NULL,NULL,NULL,NULL
2663960,1786,2459724.90905,g,20.5524,0.1057,1,960,NULL,NULL,NULL,1,2024-05-26 01:09:05,354,1m006,NULL,NULL,NULL,NULL,NULL,NULL,NULL
2663961,1786,2459724.91285,g,20.5664,0.1077,1,960,NULL,NULL,NULL,1,2024-05-26 01:09:05,354,1m006,NULL,NULL,NULL,NULL,NULL,NULL,NULL
2663962,1786,2459724.9168,r,19.1938,0.055,1,960,NULL,NULL,NULL,1,2024-05-26 01:09:05,354,1m006,NULL,NULL,NULL,NULL,NULL,NULL,NULL
2663963,1786,2459724.91941,r,19.1579,0.0639,1,960,NULL,NULL,NULL,1,2024-05-26 01:09:05,354,1m006,NULL,NULL,NULL,NULL,NULL,NULL,NULL
2663964,1786,2459724.92222,i,19.1305,0.1154,1,960,NULL,NULL,NULL,1,2024-05-26 01:09:05,354,1m006,NULL,NULL,NULL,NULL,NULL,NULL,NULL
2663965,1786,2459724.92484,i,18.999,0.1194,1,960,NULL,NULL,NULL,1,2024-05-26 01:09:05,354,1m006,NULL,NULL,NULL,NULL,NULL,NULL,NULL
2663966,1786,2459732.64224,B,21.7042,0.3051,1,960,NULL,NULL,NULL,1,2024-05-26 01:09:05,532,1m001,NULL,NULL,NULL,NULL,NULL,NULL,NULL
2663967,1786,2459732.64602,B,21.896,0.3451,1,960,NULL,NULL,NULL,1,2024-05-26 01:09:05,532,1m001,NULL,NULL,NULL,NULL,NULL,NULL,NULL
2663968,1786,2459732.64998,V,20.9664,0.3061,1,960,NULL,NULL,NULL,1,2024-05-26 01:09:05,532,1m001,NULL,NULL,NULL,NULL,NULL,NULL,NULL
2663969,1786,2459732.6526,V,20.7222,0.1832,1,960,NULL,NULL,NULL,1,2024-05-26 01:09:05,532,1m001,NULL,NULL,NULL,NULL,NULL,NULL,NULL
2663970,1786,2459732.65542,g,21.1623,0.1309,1,960,NULL,NULL,NULL,1,2024-05-26 01:09:05,532,1m001,NULL,NULL,NULL,NULL,NULL,NULL,NULL
2663971,1786,2459732.65922,g,21.2205,0.1349,1,960,NULL,NULL,NULL,1,2024-05-26 01:09:05,532,1m001,NULL,NULL,NULL,NULL,NULL,NULL,NULL
2663972,1786,2459732.66321,r,19.8229,0.1016,1,960,NULL,NULL,NULL,1,2024-05-26 01:09:05,532,1m001,NULL,NULL,NULL,NULL,NULL,NULL,NULL
2663973,1786,2459732.66583,r,19.869,0.0956,1,960,NULL,NULL,NULL,1,2024-05-26 01:09:05,532,1m001,NULL,NULL,NULL,NULL,NULL,NULL,NULL
2663974,1786,2459732.66862,i,19.5251,0.1303,1,960,NULL,NULL,NULL,1,2024-05-26 01:09:05,532,1m001,NULL,NULL,NULL,NULL,NULL,NULL,NULL
2663975,1786,2459732.67124,i,19.639,0.1303,1,960,NULL,NULL,NULL,1,2024-05-26 01:09:05,532,1m001,NULL,NULL,NULL,NULL,NULL,NULL,NULL
#2663976,1786,2459738.6109,B,20.6634,0.1992,1,960,NULL,NULL,NULL,1,2024-05-26 01:09:05,9,1m005,NULL,NULL,NULL,NULL,NULL,NULL,NULL
#2663977,1786,2459738.61469,B,20.825,0.1992,1,960,NULL,NULL,NULL,1,2024-05-26 01:09:05,9,1m005,NULL,NULL,NULL,NULL,NULL,NULL,NULL
2663978,1786,2459738.61865,V,20.8525,0.2351,1,960,NULL,NULL,NULL,1,2024-05-26 01:09:05,9,1m005,NULL,NULL,NULL,NULL,NULL,NULL,NULL
2663979,1786,2459738.62129,V,21.1375,0.2831,1,960,NULL,NULL,NULL,1,2024-05-26 01:09:05,9,1m005,NULL,NULL,NULL,NULL,NULL,NULL,NULL
2663980,1786,2459738.62409,g,21.6617,0.3102,1,960,NULL,NULL,NULL,1,2024-05-26 01:09:05,9,1m005,NULL,NULL,NULL,NULL,NULL,NULL,NULL
2663981,1786,2459738.62787,g,21.3075,0.2315,1,960,NULL,NULL,NULL,1,2024-05-26 01:09:05,9,1m005,NULL,NULL,NULL,NULL,NULL,NULL,NULL
2663982,1786,2459738.63184,r,19.7262,0.1454,1,960,NULL,NULL,NULL,1,2024-05-26 01:09:05,9,1m005,NULL,NULL,NULL,NULL,NULL,NULL,NULL
2663983,1786,2459738.63447,r,19.7047,0.1324,1,960,NULL,NULL,NULL,1,2024-05-26 01:09:05,9,1m005,NULL,NULL,NULL,NULL,NULL,NULL,NULL
2663984,1786,2459738.63729,i,19.7298,0.1611,1,960,NULL,NULL,NULL,1,2024-05-26 01:09:05,9,1m005,NULL,NULL,NULL,NULL,NULL,NULL,NULL
2663985,1786,2459738.63991,i,19.7029,0.1511,1,960,NULL,NULL,NULL,1,2024-05-26 01:09:05,9,1m005,NULL,NULL,NULL,NULL,NULL,NULL,NULL
2663986,1786,2459744.57803,V,20.8883,0.4081,1,960,NULL,NULL,NULL,1,2024-05-26 01:09:05,532,1m001,NULL,NULL,NULL,NULL,NULL,NULL,NULL
2663987,1786,2459744.58065,V,21.0092,0.4831,1,960,NULL,NULL,NULL,1,2024-05-26 01:09:05,532,1m001,NULL,NULL,NULL,NULL,NULL,NULL,NULL
#2663988,1786,2459744.58836,B,19.099,0.3381,1,960,NULL,NULL,NULL,1,2024-05-26 01:09:05,9,1m005,NULL,NULL,NULL,NULL,NULL,NULL,NULL
2663989,1786,2459776.36152,i,20.0964,0.2028,1,960,NULL,NULL,NULL,1,2024-05-26 01:09:05,4,1m0-12,NULL,NULL,NULL,NULL,NULL,NULL,NULL
2663990,1786,2459789.31283,B,21.8034,0.3062,1,960,NULL,NULL,NULL,1,2024-05-26 01:09:05,6,1m0-10,NULL,NULL,NULL,NULL,NULL,NULL,NULL
2663991,1786,2459789.31777,B,22.1463,0.4292,1,960,NULL,NULL,NULL,1,2024-05-26 01:09:05,6,1m0-10,NULL,NULL,NULL,NULL,NULL,NULL,NULL
2663992,1786,2459789.32667,V,21.2094,0.2911,1,960,NULL,NULL,NULL,1,2024-05-26 01:09:05,6,1m0-10,NULL,NULL,NULL,NULL,NULL,NULL,NULL
2663993,1786,2459789.33065,g,21.9377,0.2878,1,960,NULL,NULL,NULL,1,2024-05-26 01:09:05,6,1m0-10,NULL,NULL,NULL,NULL,NULL,NULL,NULL
2663994,1786,2459789.33557,g,22.2555,0.3863,1,960,NULL,NULL,NULL,1,2024-05-26 01:09:05,6,1m0-10,NULL,NULL,NULL,NULL,NULL,NULL,NULL
2663995,1786,2459789.34069,r,20.3801,0.1704,1,960,NULL,NULL,NULL,1,2024-05-26 01:09:05,6,1m0-10,NULL,NULL,NULL,NULL,NULL,NULL,NULL
2663996,1786,2459789.34447,r,20.0657,0.1355,1,960,NULL,NULL,NULL,1,2024-05-26 01:09:05,6,1m0-10,NULL,NULL,NULL,NULL,NULL,NULL,NULL
2663997,1786,2459789.34844,i,20.1026,0.2198,1,960,NULL,NULL,NULL,1,2024-05-26 01:09:05,6,1m0-10,NULL,NULL,NULL,NULL,NULL,NULL,NULL
2663998,1786,2459789.35222,i,20.4712,0.2487,1,960,NULL,NULL,NULL,1,2024-05-26 01:09:05,6,1m0-10,NULL,NULL,NULL,NULL,NULL,NULL,NULL
#2663999,1786,2459800.5109,B,20.9128,0.2022,1,960,NULL,NULL,NULL,1,2024-05-26 01:09:05,9,1m005,NULL,NULL,NULL,NULL,NULL,NULL,NULL
2664000,1786,2459800.52096,V,20.4685,0.1572,1,960,NULL,NULL,NULL,1,2024-05-26 01:09:05,9,1m005,NULL,NULL,NULL,NULL,NULL,NULL,NULL
2664001,1786,2459800.52872,g,21.7213,0.3508,1,960,NULL,NULL,NULL,1,2024-05-26 01:09:05,9,1m005,NULL,NULL,NULL,NULL,NULL,NULL,NULL
2664002,1786,2459800.53879,r,19.5932,0.1265,1,960,NULL,NULL,NULL,1,2024-05-26 01:09:05,9,1m005,NULL,NULL,NULL,NULL,NULL,NULL,NULL
2664003,1786,2459800.54257,r,19.524,0.1295,1,960,NULL,NULL,NULL,1,2024-05-26 01:09:05,9,1m005,NULL,NULL,NULL,NULL,NULL,NULL,NULL
2664004,1786,2459800.54653,i,19.3885,0.176,1,960,NULL,NULL,NULL,1,2024-05-26 01:09:05,9,1m005,NULL,NULL,NULL,NULL,NULL,NULL,NULL
2664005,1786,2459811.43986,V,21.9509,0.4461,1,960,NULL,NULL,NULL,1,2024-05-26 01:09:05,533,1m0-14,NULL,NULL,NULL,NULL,NULL,NULL,NULL
2664006,1786,2459811.44759,g,22.1379,0.2937,1,960,NULL,NULL,NULL,1,2024-05-26 01:09:05,533,1m0-14,NULL,NULL,NULL,NULL,NULL,NULL,NULL
2664007,1786,2459811.4577,r,20.776,0.1934,1,960,NULL,NULL,NULL,1,2024-05-26 01:09:05,533,1m0-14,NULL,NULL,NULL,NULL,NULL,NULL,NULL
2664008,1786,2459811.46148,r,20.4647,0.1744,1,960,NULL,NULL,NULL,1,2024-05-26 01:09:05,533,1m0-14,NULL,NULL,NULL,NULL,NULL,NULL,NULL
2664009,1786,2459811.46545,i,20.2935,0.2119,1,960,NULL,NULL,NULL,1,2024-05-26 01:09:05,533,1m0-14,NULL,NULL,NULL,NULL,NULL,NULL,NULL
2664010,1786,2459811.46924,i,20.8516,0.3885,1,960,NULL,NULL,NULL,1,2024-05-26 01:09:05,533,1m0-14,NULL,NULL,NULL,NULL,NULL,NULL,NULL
2664011,1786,2459822.87836,B,22.0207,0.4543,1,960,NULL,NULL,NULL,1,2024-05-26 01:09:05,11,1m003,NULL,NULL,NULL,NULL,NULL,NULL,NULL
2664012,1786,2459822.89226,V,21.6452,0.4082,1,960,NULL,NULL,NULL,1,2024-05-26 01:09:05,11,1m003,NULL,NULL,NULL,NULL,NULL,NULL,NULL
2664013,1786,2459822.89622,g,22.2733,0.3939,1,960,NULL,NULL,NULL,1,2024-05-26 01:09:05,11,1m003,NULL,NULL,NULL,NULL,NULL,NULL,NULL
2664014,1786,2459822.90117,g,22.1985,0.3899,1,960,NULL,NULL,NULL,1,2024-05-26 01:09:05,11,1m003,NULL,NULL,NULL,NULL,NULL,NULL,NULL
2664015,1786,2459822.90631,r,20.6747,0.1983,1,960,NULL,NULL,NULL,1,2024-05-26 01:09:05,11,1m003,NULL,NULL,NULL,NULL,NULL,NULL,NULL
2664016,1786,2459822.91009,r,20.4771,0.2133,1,960,NULL,NULL,NULL,1,2024-05-26 01:09:05,11,1m003,NULL,NULL,NULL,NULL,NULL,NULL,NULL
2664017,1786,2459822.91408,i,20.2774,0.2059,1,960,NULL,NULL,NULL,1,2024-05-26 01:09:05,11,1m003,NULL,NULL,NULL,NULL,NULL,NULL,NULL
2664018,1786,2459822.91786,i,20.5525,0.2607,1,960,NULL,NULL,NULL,1,2024-05-26 01:09:06,11,1m003,NULL,NULL,NULL,NULL,NULL,NULL,NULL
2664019,1786,2459833.60071,B,21.8093,0.1754,1,960,NULL,NULL,NULL,1,2024-05-26 01:09:06,7,1m008,NULL,NULL,NULL,NULL,NULL,NULL,NULL
2664020,1786,2459833.60583,V,21.1321,0.4011,1,960,NULL,NULL,NULL,1,2024-05-26 01:09:06,7,1m008,NULL,NULL,NULL,NULL,NULL,NULL,NULL
2664021,1786,2459833.6185,g,21.8029,0.3327,1,960,NULL,NULL,NULL,1,2024-05-26 01:09:06,7,1m008,NULL,NULL,NULL,NULL,NULL,NULL,NULL
2664022,1786,2459833.62366,r,20.8695,0.1405,1,960,NULL,NULL,NULL,1,2024-05-26 01:09:06,7,1m008,NULL,NULL,NULL,NULL,NULL,NULL,NULL
2664023,1786,2459833.62744,r,20.3094,0.1027,1,960,NULL,NULL,NULL,1,2024-05-26 01:09:06,7,1m008,NULL,NULL,NULL,NULL,NULL,NULL,NULL
2664024,1786,2459833.63139,i,21.0776,0.4055,1,960,NULL,NULL,NULL,1,2024-05-26 01:09:06,7,1m008,NULL,NULL,NULL,NULL,NULL,NULL,NULL
2664025,1786,2459833.63517,i,20.4199,0.2558,1,960,NULL,NULL,NULL,1,2024-05-26 01:09:06,7,1m008,NULL,NULL,NULL,NULL,NULL,NULL,NULL
2664026,1786,2459844.59071,B,22.3732,0.3781,1,960,NULL,NULL,NULL,1,2024-05-26 01:09:06,354,1m006,NULL,NULL,NULL,NULL,NULL,NULL,NULL
2664027,1786,2459844.59565,B,21.9773,0.2841,1,960,NULL,NULL,NULL,1,2024-05-26 01:09:06,354,1m006,NULL,NULL,NULL,NULL,NULL,NULL,NULL
2664028,1786,2459844.60858,g,21.5952,0.1544,1,960,NULL,NULL,NULL,1,2024-05-26 01:09:06,354,1m006,NULL,NULL,NULL,NULL,NULL,NULL,NULL
2664029,1786,2459844.61351,g,21.7356,0.1897,1,960,NULL,NULL,NULL,1,2024-05-26 01:09:06,354,1m006,NULL,NULL,NULL,NULL,NULL,NULL,NULL
2664030,1786,2459844.61863,r,20.928,0.2274,1,960,NULL,NULL,NULL,1,2024-05-26 01:09:06,354,1m006,NULL,NULL,NULL,NULL,NULL,NULL,NULL
2664031,1786,2459844.6264,i,20.8474,0.2868,1,960,NULL,NULL,NULL,1,2024-05-26 01:09:06,354,1m006,NULL,NULL,NULL,NULL,NULL,NULL,NULL
2666507,1786,2459639.122088,orange,17.821,0.043,1,494,NULL,NULL,55,1073741823,2024-07-11 06:08:14,5500,ATLAS,270,12,microjansky,22.5,20.0092437480818,NULL,2022-02-28 14:55:48.403
2666508,1786,2459639.128536,orange,17.77,0.045,1,494,NULL,NULL,55,1073741823,2024-07-11 06:08:14,5500,ATLAS,283,13,microjansky,21.7692307692308,19.9223384824338,NULL,2022-02-28 15:05:05.510
2666509,1786,2459639.151177,orange,17.735,0.039,1,494,NULL,NULL,55,1073741823,2024-07-11 06:08:14,5500,ATLAS,292,12,microjansky,24.3333333333333,20.0092437480818,NULL,2022-02-28 15:37:41.693
2666510,1786,2459639.163307,orange,17.654223615526,0,-1,494,NULL,NULL,55,1073741823,2024-07-11 06:08:14,5500,ATLAS,262,105,microjansky,2.4952380952381,17.654223615526,NULL,2022-02-28 15:55:09.725
2666511,1786,2459649.107856,cyan,17.429,0.028,1,494,NULL,NULL,55,1073741823,2024-07-11 06:08:14,5500,ATLAS,388,11,microjansky,35.2727272727273,20.1037151503053,NULL,2022-03-10 14:35:18.758
2666512,1786,2459649.110154,cyan,17.411,0.027,1,494,NULL,NULL,55,1073741823,2024-07-11 06:08:14,5500,ATLAS,394,10,microjansky,39.4,20.2071968632008,NULL,2022-03-10 14:38:37.306
2666513,1786,2459651.107599,orange,19.8418767740052,0,-1,494,NULL,NULL,55,1073741823,2024-07-11 06:08:14,5500,ATLAS,7,14,microjansky,0.5,19.8418767740052,NULL,2022-03-12 14:34:56.554
2666514,1786,2459651.130779,orange,17.453,0.033,1,494,NULL,NULL,55,1073741823,2024-07-11 06:08:14,5500,ATLAS,379,12,microjansky,31.5833333333333,20.0092437480818,NULL,2022-03-12 15:08:19.306
2666515,1786,2459651.152268,orange,17.493,0.054,1,494,NULL,NULL,55,1073741823,2024-07-11 06:08:14,5500,ATLAS,366,20,microjansky,18.3,19.4546218740409,NULL,2022-03-12 15:39:15.955
2666516,1786,2459651.893254,cyan,17.451,0.031,1,494,NULL,NULL,55,1073741823,2024-07-11 06:08:14,5500,ATLAS,380,12,microjansky,31.6666666666667,20.0092437480818,NULL,2022-03-13 09:26:17.146
2666517,1786,2459651.896112,cyan,17.494,0.032,1,494,NULL,NULL,55,1073741823,2024-07-11 06:08:14,5500,ATLAS,365,12,microjansky,30.4166666666667,20.0092437480818,NULL,2022-03-13 09:30:24.077
2666518,1786,2459651.898845,cyan,17.481,0.033,1,494,NULL,NULL,55,1073741823,2024-07-11 06:08:14,5500,ATLAS,369,12,microjansky,30.75,20.0092437480818,NULL,2022-03-13 09:34:20.208
2666519,1786,2459651.902999,cyan,17.555,0.041,1,494,NULL,NULL,55,1073741823,2024-07-11 06:08:14,5500,ATLAS,345,14,microjansky,24.6428571428571,19.8418767740052,NULL,2022-03-13 09:40:19.114
2666520,1786,2459652.080035,orange,17.497,0.042,1,494,NULL,NULL,55,1073741823,2024-07-11 06:08:14,5500,ATLAS,364,16,microjansky,22.75,19.696896906561,NULL,2022-03-13 13:55:15.024
2666521,1786,2459652.081858,orange,17.414,0.034,1,494,NULL,NULL,55,1073741823,2024-07-11 06:08:14,5500,ATLAS,393,13,microjansky,30.2307692307692,19.9223384824338,NULL,2022-03-13 13:57:52.531
2666522,1786,2459652.085049,orange,17.467,0.035,1,494,NULL,NULL,55,1073741823,2024-07-11 06:08:14,5500,ATLAS,374,13,microjansky,28.7692307692308,19.9223384824338,NULL,2022-03-13 14:02:28.234
2666523,1786,2459652.14576,orange,17.469,0.042,1,494,NULL,NULL,55,1073741823,2024-07-11 06:08:14,5500,ATLAS,374,16,microjansky,23.375,19.696896906561,NULL,2022-03-13 15:29:53.664
2666524,1786,2459652.149675,orange,17.417,0.048,1,494,NULL,NULL,55,1073741823,2024-07-11 06:08:14,5500,ATLAS,392,19,microjansky,20.6315789473684,19.5103128608188,NULL,2022-03-13 15:35:31.920
2666525,1786,2459654.055716,orange,17.557,0.067,1,494,NULL,NULL,55,1073741823,2024-07-11 06:08:14,5500,ATLAS,345,23,microjansky,15,19.3028772731569,NULL,2022-03-15 13:20:13.862
2666526,1786,2459654.057548,orange,17.502,0.057,1,494,NULL,NULL,55,1073741823,2024-07-11 06:08:14,5500,ATLAS,362,21,microjansky,17.2380952380952,19.401648626366,NULL,2022-03-15 13:22:52.147
2666527,1786,2459654.060289,orange,17.433,0.045,1,494,NULL,NULL,55,1073741823,2024-07-11 06:08:14,5500,ATLAS,386,18,microjansky,21.4444444444444,19.5690156004426,NULL,2022-03-15 13:26:48.970
2666528,1786,2459654.072994,orange,17.447,0.063,1,494,NULL,NULL,55,1073741823,2024-07-11 06:08:14,5500,ATLAS,381,24,microjansky,15.875,19.2566687589218,NULL,2022-03-15 13:45:06.682
2666529,1786,2459655.00483,orange,17.618,0.062,1,494,NULL,NULL,55,1073741823,2024-07-11 06:08:14,5500,ATLAS,326,20,microjansky,16.3,19.4546218740409,NULL,2022-03-16 12:06:57.312
2666530,1786,2459655.015815,orange,17.396,0.061,1,494,NULL,NULL,55,1073741823,2024-07-11 06:08:14,5500,ATLAS,400,24,microjansky,16.6666666666667,19.2566687589218,NULL,2022-03-16 12:22:46.416
2666531,1786,2459655.017646,orange,17.686,0.081,1,494,NULL,NULL,55,1073741823,2024-07-11 06:08:14,5500,ATLAS,306,25,microjansky,12.24,19.2123468415207,NULL,2022-03-16 12:25:24.614
2666532,1786,2459655.023647,orange,17.588,0.067,1,494,NULL,NULL,55,1073741823,2024-07-11 06:08:14,5500,ATLAS,335,22,microjansky,15.2272727272727,19.3511401611453,NULL,2022-03-16 12:34:03.101
2666533,1786,2459655.057698,orange,17.549,0.097,1,494,NULL,NULL,55,1073741823,2024-07-11 06:08:14,5500,ATLAS,347,34,microjansky,10.2058823529412,18.8784995705952,NULL,2022-03-16 13:23:05.107
2666534,1786,2459655.089415,orange,17.562,0.061,1,494,NULL,NULL,55,1073741823,2024-07-11 06:08:14,5500,ATLAS,343,21,microjansky,16.3333333333333,19.401648626366,NULL,2022-03-16 14:08:45.456
2666535,1786,2459655.091236,orange,17.556,0.074,1,494,NULL,NULL,55,1073741823,2024-07-11 06:08:14,5500,ATLAS,345,26,microjansky,13.2692307692308,19.1697634932738,NULL,2022-03-16 14:11:22.790
2666536,1786,2459655.096723,orange,17.532,0.069,1,494,NULL,NULL,55,1073741823,2024-07-11 06:08:14,5500,ATLAS,353,24,microjansky,14.7083333333333,19.2566687589218,NULL,2022-03-16 14:19:16.867
2666537,1786,2459655.1101,orange,17.482,0.06,1,494,NULL,NULL,55,1073741823,2024-07-11 06:08:14,5500,ATLAS,369,22,microjansky,16.7727272727273,19.3511401611453,NULL,2022-03-16 14:38:32.640
2666538,1786,2459655.835991,orange,17.608,0.085,1,494,NULL,NULL,55,1073741823,2024-07-11 06:08:14,5500,ATLAS,329,28,microjansky,11.75,19.0893017848453,NULL,2022-03-17 08:03:49.622
2666539,1786,2459655.838817,orange,17.738,0.08,1,494,NULL,NULL,55,1073741823,2024-07-11 06:08:14,5500,ATLAS,292,23,microjansky,12.695652173913,19.3028772731569,NULL,2022-03-17 08:07:53.789
2666540,1786,2459655.842942,orange,17.581,0.073,1,494,NULL,NULL,55,1073741823,2024-07-11 06:08:14,5500,ATLAS,337,24,microjansky,14.0416666666667,19.2566687589218,NULL,2022-03-17 08:13:50.189
2666541,1786,2459655.852149,orange,17.427,0.067,1,494,NULL,NULL,55,1073741823,2024-07-11 06:08:14,5500,ATLAS,388,26,microjansky,14.9230769230769,19.1697634932738,NULL,2022-03-17 08:27:05.674
2666542,1786,2459656.005017,orange,17.3037768576134,0,-1,494,NULL,NULL,55,1073741823,2024-07-11 06:08:14,5500,ATLAS,37,145,microjansky,0.255172413793103,17.3037768576134,NULL,2022-03-17 12:07:13.469
2666543,1786,2459656.007751,orange,17.501,0.137,1,494,NULL,NULL,55,1073741823,2024-07-11 06:08:14,5500,ATLAS,363,50,microjansky,7.26,18.4597718523608,NULL,2022-03-17 12:11:09.686
2666544,1786,2459656.008207,orange,17.714,0.163,1,494,NULL,NULL,55,1073741823,2024-07-11 06:08:14,5500,ATLAS,298,49,microjansky,6.08163265306122,18.4817066631296,NULL,2022-03-17 12:11:49.085
2666545,1786,2459656.013914,orange,17.927,0.171,1,494,NULL,NULL,55,1073741823,2024-07-11 06:08:14,5500,ATLAS,245,42,microjansky,5.83333333333333,18.6490736372061,NULL,2022-03-17 12:20:02.170
2666546,1786,2459656.017124,orange,17.658,0.188,1,494,NULL,NULL,55,1073741823,2024-07-11 06:08:14,5500,ATLAS,314,59,microjansky,5.32203389830508,18.2800668340955,NULL,2022-03-17 12:24:39.514
2666547,1786,2459656.023056,orange,17.517,0.084,1,494,NULL,NULL,55,1073741823,2024-07-11 06:08:14,5500,ATLAS,358,30,microjansky,11.9333333333333,19.0143937264017,NULL,2022-03-17 12:33:12.038
2666548,1786,2459656.988948,orange,17.572,0.275,1,494,NULL,NULL,55,1073741823,2024-07-11 06:08:14,5500,ATLAS,340,93,microjansky,3.65591397849462,17.785989491816,NULL,2022-03-18 11:44:05.107
2666549,1786,2459656.990776,orange,17.395,0.285,1,494,NULL,NULL,55,1073741823,2024-07-11 06:08:14,5500,ATLAS,400,114,microjansky,3.50877192982456,17.5649347348597,NULL,2022-03-18 11:46:43.046
2666550,1786,2459656.99627,orange,17.7743772292016,0,-1,494,NULL,NULL,55,1073741823,2024-07-11 06:08:14,5500,ATLAS,132,94,microjansky,1.40425531914894,17.7743772292016,NULL,2022-03-18 11:54:37.728
2666551,1786,2459657.001764,orange,16.7476584482498,0,-1,494,NULL,NULL,55,1073741823,2024-07-11 06:08:14,5500,ATLAS,421,242,microjansky,1.7396694214876,16.7476584482498,NULL,2022-03-18 12:02:32.410
2666552,1786,2459657.055736,orange,17.2889035263304,0,-1,494,NULL,NULL,55,1073741823,2024-07-11 06:08:14,5500,ATLAS,280,147,microjansky,1.9047619047619,17.2889035263304,NULL,2022-03-18 13:20:15.590
2666553,1786,2459657.059529,orange,17.8459901828254,0,-1,494,NULL,NULL,55,1073741823,2024-07-11 06:08:14,5500,ATLAS,176,88,microjansky,2,17.8459901828254,NULL,2022-03-18 13:25:43.306
2666554,1786,2459657.066943,orange,17.215,0.196,1,494,NULL,NULL,55,1073741823,2024-07-11 06:08:14,5500,ATLAS,472,93,microjansky,5.0752688172043,17.785989491816,NULL,2022-03-18 13:36:23.875
2666555,1786,2459657.072179,orange,17.043,0.301,1,494,NULL,NULL,55,1073741823,2024-07-11 06:08:14,5500,ATLAS,553,167,microjansky,3.31137724550898,17.1504056853319,NULL,2022-03-18 13:43:56.266
2666556,1786,2459658.030427,orange,17.622,0.069,1,494,NULL,NULL,55,1073741823,2024-07-11 06:08:14,5500,ATLAS,325,22,microjansky,14.7727272727273,19.3511401611453,NULL,2022-03-19 12:43:48.893
2666557,1786,2459658.032717,orange,17.542,0.07,1,494,NULL,NULL,55,1073741823,2024-07-11 06:08:14,5500,ATLAS,349,25,microjansky,13.96,19.2123468415207,NULL,2022-03-19 12:47:06.749
2666558,1786,2459658.042417,orange,17.512,0.077,1,494,NULL,NULL,55,1073741823,2024-07-11 06:08:14,5500,ATLAS,359,28,microjansky,12.8214285714286,19.0893017848453,NULL,2022-03-19 13:01:04.829
2666559,1786,2459658.048875,orange,17.58,0.087,1,494,NULL,NULL,55,1073741823,2024-07-11 06:08:14,5500,ATLAS,337,30,microjansky,11.2333333333333,19.0143937264017,NULL,2022-03-19 13:10:22.800
2666560,1786,2459659.020854,orange,17.667,0.102,1,494,NULL,NULL,55,1073741823,2024-07-11 06:08:14,5500,ATLAS,311,32,microjansky,9.71875,18.9443219174011,NULL,2022-03-20 12:30:01.786
2666561,1786,2459659.024045,orange,17.834,0.132,1,494,NULL,NULL,55,1073741823,2024-07-11 06:08:14,5500,ATLAS,267,35,microjansky,7.62857142857143,18.8470267523252,NULL,2022-03-20 12:34:37.488
2666562,1786,2459659.029515,orange,17.827,0.123,1,494,NULL,NULL,55,1073741823,2024-07-11 06:08:14,5500,ATLAS,269,33,microjansky,8.15151515151515,18.9109120135061,NULL,2022-03-20 12:42:30.096
2666563,1786,2459659.041372,orange,17.404,0.068,1,494,NULL,NULL,55,1073741823,2024-07-11 06:08:14,5500,ATLAS,397,27,microjansky,14.7037037037037,19.1287874528034,NULL,2022-03-20 12:59:34.541
2666564,1786,2459659.84007,orange,17.688,0.095,1,494,NULL,NULL,55,1073741823,2024-07-11 06:08:14,5500,ATLAS,305,29,microjansky,10.5172413793103,19.0512018684535,NULL,2022-03-21 08:09:42.048
2666565,1786,2459659.841563,orange,17.558,0.095,1,494,NULL,NULL,55,1073741823,2024-07-11 06:08:14,5500,ATLAS,344,33,microjansky,10.4242424242424,18.9109120135061,NULL,2022-03-21 08:11:51.043
2666566,1786,2459659.847165,orange,17.705,0.113,1,494,NULL,NULL,55,1073741823,2024-07-11 06:08:14,5500,ATLAS,300,34,microjansky,8.82352941176471,18.8784995705952,NULL,2022-03-21 08:19:55.056
2666567,1786,2459659.852598,orange,17.598,0.112,1,494,NULL,NULL,55,1073741823,2024-07-11 06:08:14,5500,ATLAS,332,37,microjansky,8.97297297297297,18.7866925530334,NULL,2022-03-21 08:27:44.467
2666568,1786,2459659.989451,orange,17.689,0.109,1,494,NULL,NULL,55,1073741823,2024-07-11 06:08:14,5500,ATLAS,305,33,microjansky,9.24242424242424,18.9109120135061,NULL,2022-03-21 11:44:48.566
2666569,1786,2459659.992639,orange,17.91,0.147,1,494,NULL,NULL,55,1073741823,2024-07-11 06:08:14,5500,ATLAS,249,37,microjansky,6.72972972972973,18.7866925530334,NULL,2022-03-21 11:49:24.010
2666570,1786,2459660.02812,orange,17.608,0.083,1,494,NULL,NULL,55,1073741823,2024-07-11 06:08:14,5500,ATLAS,329,27,microjansky,12.1851851851852,19.1287874528034,NULL,2022-03-21 12:40:29.568
2666571,1786,2459660.040683,orange,17.858,0.149,1,494,NULL,NULL,55,1073741823,2024-07-11 06:08:14,5500,ATLAS,261,39,microjansky,6.69230769230769,18.7295353456346,NULL,2022-03-21 12:58:35.011
2666572,1786,2459661.110787,orange,18.1583370243462,0,-1,494,NULL,NULL,55,1073741823,2024-07-11 06:08:14,5500,ATLAS,193,66,microjansky,2.92424242424242,18.1583370243462,NULL,2022-03-22 14:39:31.997
2666573,1786,2459661.114225,orange,17.548,0.125,1,494,NULL,NULL,55,1073741823,2024-07-11 06:08:14,5500,ATLAS,347,44,microjansky,7.88636363636364,18.5985651719854,NULL,2022-03-22 14:44:29.040
2666574,1786,2459661.120932,orange,17.8337218465886,0,-1,494,NULL,NULL,55,1073741823,2024-07-11 06:08:14,5500,ATLAS,186,89,microjansky,2.08988764044944,17.8337218465886,NULL,2022-03-22 14:54:08.525
2666575,1786,2459661.131303,orange,17.696,0.144,1,494,NULL,NULL,55,1073741823,2024-07-11 06:08:14,5500,ATLAS,303,44,microjansky,6.88636363636364,18.5985651719854,NULL,2022-03-22 15:09:04.579
2666576,1786,2459661.148057,orange,17.4649218306807,0,-1,494,NULL,NULL,55,1073741823,2024-07-11 06:08:14,5500,ATLAS,233,125,microjansky,1.864,17.4649218306807,NULL,2022-03-22 15:33:12.125
2666577,1786,2459637.9505556,r,18.529572,0.09592814,1,495,NULL,NULL,56,1073741823,2024-07-11 06:08:14,5600,ZTF,NULL,NULL,NULL,NULL,NULL,NULL,2022-02-27 10:48:48.003860
2666578,1786,2459637.9953472,g,18.197872,0.08609009,1,495,NULL,NULL,56,1073741823,2024-07-11 06:08:14,5600,ZTF,NULL,NULL,NULL,NULL,NULL,NULL,2022-02-27 11:53:17.998077
2666579,1786,2459639.9363426,g,17.253483,0.043660883,1,495,NULL,NULL,56,1073741823,2024-07-11 06:08:14,5600,ZTF,NULL,NULL,NULL,NULL,NULL,NULL,2022-03-01 10:28:20.000623
2666580,1786,2459640.020081,r,17.569622,0.05680191,1,495,NULL,NULL,56,1073741823,2024-07-11 06:08:14,5600,ZTF,NULL,NULL,NULL,NULL,NULL,NULL,2022-03-01 12:28:54.998395
2666581,1786,2459641.9577894,r,17.511406,0.044087753,1,495,NULL,NULL,56,1073741823,2024-07-11 06:08:14,5600,ZTF,NULL,NULL,NULL,NULL,NULL,NULL,2022-03-03 10:59:13.004171
2666582,1786,2459673.8782292,r,17.995811,0.075649135,1,495,NULL,NULL,56,1073741823,2024-07-11 06:08:14,5600,ZTF,NULL,NULL,NULL,NULL,NULL,NULL,2022-04-04 09:04:39.002872
2666583,1786,2459673.8782292,r,17.9934,0.076364,1,495,NULL,NULL,56,1073741823,2024-07-11 06:08:14,5600,ZTF,NULL,NULL,NULL,NULL,NULL,NULL,2022-04-04 09:04:39.002872
2666584,1786,2459673.9193403,g,18.429787,0.077125736,1,495,NULL,NULL,56,1073741823,2024-07-11 06:08:14,5600,ZTF,NULL,NULL,NULL,NULL,NULL,NULL,2022-04-04 10:03:51.001912
2666585,1786,2459673.9193403,g,18.4204,0.077847,1,495,NULL,NULL,56,1073741823,2024-07-11 06:08:14,5600,ZTF,NULL,NULL,NULL,NULL,NULL,NULL,2022-04-04 10:03:51.001912
2666586,1786,2459675.8943519,g,18.507357,0.078612804,1,495,NULL,NULL,56,1073741823,2024-07-11 06:08:14,5600,ZTF,NULL,NULL,NULL,NULL,NULL,NULL,2022-04-06 09:27:52.004168
2666587,1786,2459675.9199653,r,18.007698,0.075626194,1,495,NULL,NULL,56,1073741823,2024-07-11 06:08:14,5600,ZTF,NULL,NULL,NULL,NULL,NULL,NULL,2022-04-06 10:04:45.001901
2666588,1786,2459677.9020486,r,18.02711,0.051679503,1,495,NULL,NULL,56,1073741823,2024-07-11 06:08:14,5600,ZTF,NULL,NULL,NULL,NULL,NULL,NULL,2022-04-08 09:38:56.999032
2666589,1786,2459677.9785069,g,18.52476,0.0666697,1,495,NULL,NULL,56,1073741823,2024-07-11 06:08:14,5600,ZTF,NULL,NULL,NULL,NULL,NULL,NULL,2022-04-08 11:29:02.996152
2666590,1786,2459679.7960185,g,18.603031,0.1079181,1,495,NULL,NULL,56,1073741823,2024-07-11 06:08:14,5600,ZTF,NULL,NULL,NULL,NULL,NULL,NULL,2022-04-10 07:06:15.998390
2666591,1786,2459679.8814352,r,18.047338,0.061245818,1,495,NULL,NULL,56,1073741823,2024-07-11 06:08:14,5600,ZTF,NULL,NULL,NULL,NULL,NULL,NULL,2022-04-10 09:09:16.001289
2666592,1786,2459683.8980093,r,18.06837,0.07403529,1,495,NULL,NULL,56,1073741823,2024-07-11 06:08:14,5600,ZTF,NULL,NULL,NULL,NULL,NULL,NULL,2022-04-14 09:33:08.003540
2666593,1786,2459683.9579977,g,18.711733,0.0837561,1,495,NULL,NULL,56,1073741823,2024-07-11 06:08:14,5600,ZTF,NULL,NULL,NULL,NULL,NULL,NULL,2022-04-14 10:59:31.001297
2666594,1786,2459685.8536343,r,18.128798,0.088190064,1,495,NULL,NULL,56,1073741823,2024-07-11 06:08:14,5600,ZTF,NULL,NULL,NULL,NULL,NULL,NULL,2022-04-16 08:29:14.003535
2666595,1786,2459685.895162,g,18.738136,0.15604827,1,495,NULL,NULL,56,1073741823,2024-07-11 06:08:14,5600,ZTF,NULL,NULL,NULL,NULL,NULL,NULL,2022-04-16 09:29:01.996787
2666596,1786,2459693.9364583,g,18.813976,0.08252202,1,495,NULL,NULL,56,1073741823,2024-07-11 06:08:14,5600,ZTF,NULL,NULL,NULL,NULL,NULL,NULL,2022-04-24 10:28:29.997109
2666597,1786,2459697.876713,r,18.194815,0.13629013,1,495,NULL,NULL,56,1073741823,2024-07-11 06:08:14,5600,ZTF,NULL,NULL,NULL,NULL,NULL,NULL,2022-04-28 09:02:28.003180
2666598,1786,2459697.936794,g,18.93071,0.076016024,1,495,NULL,NULL,56,1073741823,2024-07-11 06:08:14,5600,ZTF,NULL,NULL,NULL,NULL,NULL,NULL,2022-04-28 10:28:59.001618
2666599,1786,2459700.8950347,r,18.153593,0.05618745,1,495,NULL,NULL,56,1073741823,2024-07-11 06:08:14,5600,ZTF,NULL,NULL,NULL,NULL,NULL,NULL,2022-05-01 09:28:50.998094
2666600,1786,2459702.8337153,g,19.053102,0.081042565,1,495,NULL,NULL,56,1073741823,2024-07-11 06:08:14,5600,ZTF,NULL,NULL,NULL,NULL,NULL,NULL,2022-05-03 08:00:33.001927
2666601,1786,2459702.873831,r,18.176535,0.06795355,1,495,NULL,NULL,56,1073741823,2024-07-11 06:08:14,5600,ZTF,NULL,NULL,NULL,NULL,NULL,NULL,2022-05-03 08:58:18.998415
2666602,1786,2459708.8177662,r,18.306973,0.081129774,1,495,NULL,NULL,56,1073741823,2024-07-11 06:08:14,5600,ZTF,NULL,NULL,NULL,NULL,NULL,NULL,2022-05-09 07:37:34.999664
2666603,1786,2459708.8376736,r,18.241232,0.08959781,1,495,NULL,NULL,56,1073741823,2024-07-11 06:08:14,5600,ZTF,NULL,NULL,NULL,NULL,NULL,NULL,2022-05-09 08:06:14.999025
2666604,1786,2459710.9341898,g,19.346159,0.1076058,1,495,NULL,NULL,56,1073741823,2024-07-11 06:08:14,5600,ZTF,NULL,NULL,NULL,NULL,NULL,NULL,2022-05-11 10:25:13.998735
2666605,1786,2459712.8574769,r,18.477472,0.09559988,1,495,NULL,NULL,56,1073741823,2024-07-11 06:08:14,5600,ZTF,NULL,NULL,NULL,NULL,NULL,NULL,2022-05-13 08:34:46.004148
2666606,1786,2459712.9458565,g,19.43079,0.16399238,1,495,NULL,NULL,56,1073741823,2024-07-11 06:08:14,5600,ZTF,NULL,NULL,NULL,NULL,NULL,NULL,2022-05-13 10:42:02.001596
2666607,1786,2459714.8066088,g,19.7422,0.398643,1,495,NULL,NULL,56,1073741823,2024-07-11 06:08:14,5600,ZTF,NULL,NULL,NULL,NULL,NULL,NULL,2022-05-15 07:21:31.000307
2666608,1786,2459714.8362269,r,18.41077,0.12967843,1,495,NULL,NULL,56,1073741823,2024-07-11 06:08:14,5600,ZTF,NULL,NULL,NULL,NULL,NULL,NULL,2022-05-15 08:04:10.004169
2666609,1786,2459717.8360301,g,19.7707,0.312931,1,495,NULL,NULL,56,1073741823,2024-07-11 06:08:14,5600,ZTF,NULL,NULL,NULL,NULL,NULL,NULL,2022-05-18 08:03:53.000641
2666610,1786,2459719.842037,r,18.649433,0.0950024,1,495,NULL,NULL,56,1073741823,2024-07-11 06:08:14,5600,ZTF,NULL,NULL,NULL,NULL,NULL,NULL,2022-05-20 08:12:31.996820
2666611,1786,2459719.9140394,r,18.658527,0.09819396,1,495,NULL,NULL,56,1073741823,2024-07-11 06:08:14,5600,ZTF,NULL,NULL,NULL,NULL,NULL,NULL,2022-05-20 09:56:13.004155
2666612,1786,2459723.8328819,r,18.991476,0.10221241,1,495,NULL,NULL,56,1073741823,2024-07-11 06:08:14,5600,ZTF,NULL,NULL,NULL,NULL,NULL,NULL,2022-05-24 07:59:20.996161
2666613,1786,2459723.8577546,g,20.1897,0.217318,1,495,NULL,NULL,56,1073741823,2024-07-11 06:08:14,5600,ZTF,NULL,NULL,NULL,NULL,NULL,NULL,2022-05-24 08:35:09.997420
2666614,1786,2459725.8169792,r,19.1479,0.11576,1,495,NULL,NULL,56,1073741823,2024-07-11 06:08:14,5600,ZTF,NULL,NULL,NULL,NULL,NULL,NULL,2022-05-26 07:36:27.002890
2666615,1786,2459727.8175231,r,19.322817,0.17947246,1,495,NULL,NULL,56,1073741823,2024-07-11 06:08:14,5600,ZTF,NULL,NULL,NULL,NULL,NULL,NULL,2022-05-28 07:37:13.995835
2666616,1786,2459730.7768403,r,19.425652,0.12571502,1,495,NULL,NULL,56,1073741823,2024-07-11 06:08:14,5600,ZTF,NULL,NULL,NULL,NULL,NULL,NULL,2022-05-31 06:38:39.001906
2666617,1786,2459732.8113657,r,19.524143,0.10843229,1,495,NULL,NULL,56,1073741823,2024-07-11 06:08:14,5600,ZTF,NULL,NULL,NULL,NULL,NULL,NULL,2022-06-02 07:28:21.996468
2666618,1786,2459736.8501157,r,19.678123,0.14331031,1,495,NULL,NULL,56,1073741823,2024-07-11 06:08:14,5600,ZTF,NULL,NULL,NULL,NULL,NULL,NULL,2022-06-06 08:24:09.996494
2666619,1786,2459738.7964352,r,19.664557,0.13309342,1,495,NULL,NULL,56,1073741823,2024-07-11 06:08:14,5600,ZTF,NULL,NULL,NULL,NULL,NULL,NULL,2022-06-08 07:06:52.001292
2666620,1786,2459740.8189815,r,19.600355,0.18852219,1,495,NULL,NULL,56,1073741823,2024-07-11 06:08:14,5600,ZTF,NULL,NULL,NULL,NULL,NULL,NULL,2022-06-10 07:39:20.001589
2666621,1786,2459742.7754861,r,19.6158,0.233331,1,495,NULL,NULL,56,1073741823,2024-07-11 06:08:14,5600,ZTF,NULL,NULL,NULL,NULL,NULL,NULL,2022-06-12 06:36:41.999040
2666622,1786,2459747.8500463,r,19.717596,0.17992307,1,495,NULL,NULL,56,1073741823,2024-07-11 06:08:14,5600,ZTF,NULL,NULL,NULL,NULL,NULL,NULL,2022-06-17 08:24:04.000308
2666623,1786,2459749.8195833,r,19.741993,0.15547575,1,495,NULL,NULL,56,1073741823,2024-07-11 06:08:14,5600,ZTF,NULL,NULL,NULL,NULL,NULL,NULL,2022-06-19 07:40:11.997123
2666624,1786,2459751.7917014,r,19.738302,0.16341805,1,495,NULL,NULL,56,1073741823,2024-07-11 06:08:14,5600,ZTF,NULL,NULL,NULL,NULL,NULL,NULL,2022-06-21 07:00:03.000976
2666625,1786,2459753.8169907,r,19.800783,0.17034154,1,495,NULL,NULL,56,1073741823,2024-07-11 06:08:14,5600,ZTF,NULL,NULL,NULL,NULL,NULL,NULL,2022-06-23 07:36:27.996487
2666626,1786,2459756.8424769,r,19.782843,0.21564423,1,495,NULL,NULL,56,1073741823,2024-07-11 06:08:14,5600,ZTF,NULL,NULL,NULL,NULL,NULL,NULL,2022-06-26 08:13:10.004177
2666627,1786,2459760.7539468,r,19.856085,0.1450935,1,495,NULL,NULL,56,1073741823,2024-07-11 06:08:14,5600,ZTF,NULL,NULL,NULL,NULL,NULL,NULL,2022-06-30 06:05:41.003501
2666628,1786,2459762.7566898,r,19.993189,0.18454911,1,495,NULL,NULL,56,1073741823,2024-07-11 06:08:14,5600,ZTF,NULL,NULL,NULL,NULL,NULL,NULL,2022-07-02 06:09:37.998716
2666629,1786,2459764.754838,r,19.875126,0.19295722,1,495,NULL,NULL,56,1073741823,2024-07-11 06:08:14,5600,ZTF,NULL,NULL,NULL,NULL,NULL,NULL,2022-07-04 06:06:58.003204
2666630,1786,2459766.7660648,r,19.907175,0.16382085,1,495,NULL,NULL,56,1073741823,2024-07-11 06:08:14,5600,ZTF,NULL,NULL,NULL,NULL,NULL,NULL,2022-07-06 06:23:07.998708
2666631,1786,2459773.732419,r,19.8827,0.247948,1,495,NULL,NULL,56,1073741823,2024-07-11 06:08:14,5600,ZTF,NULL,NULL,NULL,NULL,NULL,NULL,2022-07-13 05:34:41.001601
2666632,1786,2459775.7774653,r,20.004,0.275263,1,495,NULL,NULL,56,1073741823,2024-07-11 06:08:14,5600,ZTF,NULL,NULL,NULL,NULL,NULL,NULL,2022-07-15 06:39:33.001935
2666633,1786,2459775.8168866,r,19.7431,0.231799,1,495,NULL,NULL,56,1073741823,2024-07-11 06:08:14,5600,ZTF,NULL,NULL,NULL,NULL,NULL,NULL,2022-07-15 07:36:19.002249
2666634,1786,2459777.7119444,r,19.932844,0.17673309,1,495,NULL,NULL,56,1073741823,2024-07-11 06:08:14,5600,ZTF,NULL,NULL,NULL,NULL,NULL,NULL,2022-07-17 05:05:11.996149
2666635,1786,2459779.7084375,r,19.902107,0.14083979,1,495,NULL,NULL,56,1073741823,2024-07-11 06:08:14,5600,ZTF,NULL,NULL,NULL,NULL,NULL,NULL,2022-07-19 05:00:09.000005
2666636,1786,2459782.7690741,r,20.057364,0.18485537,1,495,NULL,NULL,56,1073741823,2024-07-11 06:08:14,5600,ZTF,NULL,NULL,NULL,NULL,NULL,NULL,2022-07-22 06:27:28.002246
2666637,1786,2459786.735787,r,20.0001,0.233906,1,495,NULL,NULL,56,1073741823,2024-07-11 06:08:14,5600,ZTF,NULL,NULL,NULL,NULL,NULL,NULL,2022-07-26 05:39:31.996804
2666638,1786,2459790.7323032,r,20.038548,0.20031685,1,495,NULL,NULL,56,1073741823,2024-07-11 06:08:14,5600,ZTF,NULL,NULL,NULL,NULL,NULL,NULL,2022-07-30 05:34:30.996465
2666639,1786,2459794.7557986,r,19.994495,0.17503124,1,495,NULL,NULL,56,1073741823,2024-07-11 06:08:14,5600,ZTF,NULL,NULL,NULL,NULL,NULL,NULL,2022-08-03 06:08:20.999053
2666640,1786,2459623.9664005,r,19.8905,0,-1,495,NULL,NULL,56,1073741823,2024-07-11 06:08:14,5600,ZTF,NULL,NULL,NULL,NULL,NULL,NULL,2022-02-13 11:11:37.003193
2666641,1786,2459624.0054282,g,19.9567,0,-1,495,NULL,NULL,56,1073741823,2024-07-11 06:08:14,5600,ZTF,NULL,NULL,NULL,NULL,NULL,NULL,2022-02-13 12:07:48.996491
2666642,1786,2459625.9849306,r,19.6852,0,-1,495,NULL,NULL,56,1073741823,2024-07-11 06:08:14,5600,ZTF,NULL,NULL,NULL,NULL,NULL,NULL,2022-02-15 11:38:18.003843
2666643,1786,2459626.0190625,g,19.4202,0,-1,495,NULL,NULL,56,1073741823,2024-07-11 06:08:14,5600,ZTF,NULL,NULL,NULL,NULL,NULL,NULL,2022-02-15 12:27:26.999998
2666644,1786,2459628.9661574,r,19.2672,0,-1,495,NULL,NULL,56,1073741823,2024-07-11 06:08:14,5600,ZTF,NULL,NULL,NULL,NULL,NULL,NULL,2022-02-18 11:11:15.999364
2666645,1786,2459629.0062384,g,19.5272,0,-1,495,NULL,NULL,56,1073741823,2024-07-11 06:08:14,5600,ZTF,NULL,NULL,NULL,NULL,NULL,NULL,2022-02-18 12:08:58.997760
2666646,1786,2459630.9642708,g,19.8577,0,-1,495,NULL,NULL,56,1073741823,2024-07-11 06:08:14,5600,ZTF,NULL,NULL,NULL,NULL,NULL,NULL,2022-02-20 11:08:32.997110
2666647,1786,2459631.0377778,r,19.9347,0,-1,495,NULL,NULL,56,1073741823,2024-07-11 06:08:14,5600,ZTF,NULL,NULL,NULL,NULL,NULL,NULL,2022-02-20 12:54:24.001930
#2666648,1786,2459688.9089468,g,17.3893,0,-1,495,NULL,NULL,56,1073741823,2024-07-11 06:08:14,5600,ZTF,NULL,NULL,NULL,NULL,NULL,NULL,2022-04-19 09:48:53.003524
#2666649,1786,2459695.8986227,r,17.0326,0,-1,495,NULL,NULL,56,1073741823,2024-07-11 06:08:14,5600,ZTF,NULL,NULL,NULL,NULL,NULL,NULL,2022-04-26 09:34:01.001281
2666650,1786,2459727.839456,g,20.3428,0,-1,495,NULL,NULL,56,1073741823,2024-07-11 06:08:14,5600,ZTF,NULL,NULL,NULL,NULL,NULL,NULL,2022-05-28 08:08:48.998391
2666651,1786,2459730.8336921,g,20.9373,0,-1,495,NULL,NULL,56,1073741823,2024-07-11 06:08:14,5600,ZTF,NULL,NULL,NULL,NULL,NULL,NULL,2022-05-31 08:00:30.997431
2666652,1786,2459732.7890509,g,20.7249,0,-1,495,NULL,NULL,56,1073741823,2024-07-11 06:08:14,5600,ZTF,NULL,NULL,NULL,NULL,NULL,NULL,2022-06-02 06:56:13.997752
2666653,1786,2459734.7704167,r,20.0439,0,-1,495,NULL,NULL,56,1073741823,2024-07-11 06:08:14,5600,ZTF,NULL,NULL,NULL,NULL,NULL,NULL,2022-06-04 06:29:24.002864
2666654,1786,2459734.831956,g,20.9185,0,-1,495,NULL,NULL,56,1073741823,2024-07-11 06:08:14,5600,ZTF,NULL,NULL,NULL,NULL,NULL,NULL,2022-06-04 07:58:00.998406
2666655,1786,2459736.8124421,g,20.906,0,-1,495,NULL,NULL,56,1073741823,2024-07-11 06:08:14,5600,ZTF,NULL,NULL,NULL,NULL,NULL,NULL,2022-06-06 07:29:54.997452
#2666656,1786,2459740.8940509,g,20.0781,0,-1,495,NULL,NULL,56,1073741823,2024-07-11 #06:08:14,5600,ZTF,NULL,NULL,NULL,NULL,NULL,NULL,2022-06-10 09:27:25.997751
#2666657,1786,2459742.8145486,g,19.26,0,-1,495,NULL,NULL,56,1073741823,2024-07-11 #06:08:14,5600,ZTF,NULL,NULL,NULL,NULL,NULL,NULL,2022-06-12 07:32:56.999040
#2666658,1786,2459751.8354167,g,20.6608,0,-1,495,NULL,NULL,56,1073741823,2024-07-11 #06:08:14,5600,ZTF,NULL,NULL,NULL,NULL,NULL,NULL,2022-06-21 08:03:00.002899
#2666659,1786,2459753.775787,g,20.7107,0,-1,495,NULL,NULL,56,1073741823,2024-07-11 #06:08:14,5600,ZTF,NULL,NULL,NULL,NULL,NULL,NULL,2022-06-23 06:37:07.996807
#2666660,1786,2459756.7909606,g,20.7698,0,-1,495,NULL,NULL,56,1073741823,2024-07-11 #06:08:14,5600,ZTF,NULL,NULL,NULL,NULL,NULL,NULL,2022-06-26 06:58:58.995852
#2666661,1786,2459758.7898958,r,20.6041,0,-1,495,NULL,NULL,56,1073741823,2024-07-11 06:08:14,5600,ZTF,NULL,NULL,NULL,NULL,NULL,NULL,2022-06-28 06:57:26.997115
#2666662,1786,2459762.710081,g,20.5698,0,-1,495,NULL,NULL,56,1073741823,2024-07-11 #06:08:14,5600,ZTF,NULL,NULL,NULL,NULL,NULL,NULL,2022-07-02 05:02:30.998390
#2666663,1786,2459764.7333796,g,20.7336,0,-1,495,NULL,NULL,56,1073741823,2024-07-11 #06:08:14,5600,ZTF,NULL,NULL,NULL,NULL,NULL,NULL,2022-07-04 05:36:03.997449
#2666664,1786,2459766.8106597,g,20.808,0,-1,495,NULL,NULL,56,1073741823,2024-07-11 06:08:14,5600,ZTF,NULL,NULL,NULL,NULL,NULL,NULL,2022-07-06 07:27:20.998086
#2666665,1786,2459769.7316667,g,20.035,0,-1,495,NULL,NULL,56,1073741823,2024-07-11 06:08:14,5600,ZTF,NULL,NULL,NULL,NULL,NULL,NULL,2022-07-09 05:33:36.002879
#2666666,1786,2459769.8169444,g,19.8873,0,-1,495,NULL,NULL,56,1073741823,2024-07-11 06:08:14,5600,ZTF,NULL,NULL,NULL,NULL,NULL,NULL,2022-07-09 07:36:23.996147
#2666667,1786,2459771.780787,g,19.7555,0,-1,495,NULL,NULL,56,1073741823,2024-07-11 06:08:14,5600,ZTF,NULL,NULL,NULL,NULL,NULL,NULL,2022-07-11 06:44:19.996797
#2666668,1786,2459771.8371296,g,19.6439,0,-1,495,NULL,NULL,56,1073741823,2024-07-11 06:08:14,5600,ZTF,NULL,NULL,NULL,NULL,NULL,NULL,2022-07-11 08:05:27.997430
#2666669,1786,2459773.8149537,r,19.3051,0,-1,495,NULL,NULL,56,1073741823,2024-07-11 06:08:14,5600,ZTF,NULL,NULL,NULL,NULL,NULL,NULL,2022-07-13 07:33:31.999695
#2666670,1786,2459782.7913889,g,20.4294,0,-1,495,NULL,NULL,56,1073741823,2024-07-11 06:08:14,5600,ZTF,NULL,NULL,NULL,NULL,NULL,NULL,2022-07-22 06:59:36.000962
#2666671,1786,2459784.7342708,g,20.4638,0,-1,495,NULL,NULL,56,1073741823,2024-07-11 06:08:14,5600,ZTF,NULL,NULL,NULL,NULL,NULL,NULL,2022-07-24 05:37:20.997112
2666672,1786,2459784.7903241,r,20.3738,0,-1,495,NULL,NULL,56,1073741823,2024-07-11 06:08:14,5600,ZTF,NULL,NULL,NULL,NULL,NULL,NULL,2022-07-24 06:58:04.002225
#2666673,1786,2459786.6900579,g,20.2431,0,-1,495,NULL,NULL,56,1073741823,2024-07-11 06:08:14,5600,ZTF,NULL,NULL,NULL,NULL,NULL,NULL,2022-07-26 04:33:41.002543
#2666674,1786,2459788.6920602,g,20.4281,0,-1,495,NULL,NULL,56,1073741823,2024-07-11 06:08:14,5600,ZTF,NULL,NULL,NULL,NULL,NULL,NULL,2022-07-28 04:36:34.001283
#2666675,1786,2459790.6802662,g,20.5962,0,-1,495,NULL,NULL,56,1073741823,2024-07-11 #06:08:14,5600,ZTF,NULL,NULL,NULL,NULL,NULL,NULL,2022-07-30 04:19:34.999689
#2666676,1786,2459792.7683449,g,19.9368,0,-1,495,NULL,NULL,56,1073741823,2024-07-11 #06:08:14,5600,ZTF,NULL,NULL,NULL,NULL,NULL,NULL,2022-08-01 06:26:24.999369
#2666677,1786,2459794.7165625,g,20.3702,0,-1,495,NULL,NULL,56,1073741823,2024-07-11 #06:08:14,5600,ZTF,NULL,NULL,NULL,NULL,NULL,NULL,2022-08-03 05:11:51.000019